#title=CardioDB						
#assembly=GRCh37						
#matchVariantsBy=allele						
#CHROM	POS	REF	ALT	OmglClass	LmmClass	Phenotype
#categories	.	.	.	.	.	.
#descriptions	.	.	.	.	.	.
#type	.	.	.	string	string	string
chr1	78383903	A	G	.	VUS	Hypertrophic Cardiomyopathy
chr1	78395029	C	G	.	VUS favour benign	Hypertrophic Cardiomyopathy
chr1	78399025	C	T	.	VUS	Hypertrophic Cardiomyopathy
chr1	78401622	G	A	.	VUS	Hypertrophic Cardiomyopathy
chr1	78401709	G	A	.	VUS	Hypertrophic Cardiomyopathy
chr1	78401713	C	G	.	VUS	Hypertrophic Cardiomyopathy
chr1	78408423	C	A	.	VUS	Hypertrophic Cardiomyopathy
chr1	156084725	C	T	.	Pathogenic	Dilated Cardiomyopathy
chr1	156084863	C	G	.	Likely Pathogenic	Dilated Cardiomyopathy
chr1	156084884	C	A	VUS	.	Dilated Cardiomyopathy
chr1	156084975	G	A	.	VUS	Dilated Cardiomyopathy
chr1	156085059	A	G	.	VUS	Dilated Cardiomyopathy
chr1	156085065	G	C	.	Likely Pathogenic	Dilated Cardiomyopathy
chr1	156085067	T	G	Pathogenic	.	Dilated Cardiomyopathy
chr1	156100487	G	A	.	VUS favour pathogenic	Dilated Cardiomyopathy
chr1	156100499	A	C	.	Likely Pathogenic	Dilated Cardiomyopathy
chr1	156100532	G	A	.	Pathogenic	Dilated Cardiomyopathy
chr1	156100565	G	C	.	Likely Pathogenic	Dilated Cardiomyopathy
chr1	156104594	A	G	Pathogenic	.	Dilated Cardiomyopathy
chr1	156104629	C	T	.	Pathogenic	Dilated Cardiomyopathy
chr1	156104656	C	T	.	Likely Pathogenic	Dilated Cardiomyopathy
chr1	156104695	G	A	.	VUS	Dilated Cardiomyopathy
chr1	156104976	A	C	Pathogenic	.	Dilated Cardiomyopathy
chr1	156105030	C	G	.	Likely Pathogenic	Dilated Cardiomyopathy
chr1	156105035	G	A	VUS	VUS favour pathogenic	Dilated Cardiomyopathy
chr1	156105704	G	A	.	Likely Pathogenic	Dilated Cardiomyopathy
chr1	156105716	C	T	Pathogenic	Likely Pathogenic	Dilated Cardiomyopathy
chr1	156105731	T	A	.	Likely Pathogenic	Dilated Cardiomyopathy
chr1	156105747	G	A	.	Likely Pathogenic	Dilated Cardiomyopathy
chr1	156105758	C	T	.	Likely Pathogenic	Dilated Cardiomyopathy
chr1	156105801	G	A	VUS	.	Dilated Cardiomyopathy
chr1	156105861	T	C	.	Likely Pathogenic	Dilated Cardiomyopathy
chr1	156105884	C	T	.	Likely Pathogenic	Dilated Cardiomyopathy
chr1	156106048	C	T	.	VUS	Dilated Cardiomyopathy
chr1	156106743	G	A	.	Likely Pathogenic	Dilated Cardiomyopathy
chr1	156106773	A	G	.	Likely Pathogenic	Dilated Cardiomyopathy
chr1	156107457	C	T	.	Likely Pathogenic	Dilated Cardiomyopathy
chr1	156107458	G	A	Likely Pathogenic	.	Dilated Cardiomyopathy
chr1	201328345	C	A	.	Pathogenic	Hypertrophic Cardiomyopathy
chr1	201328348	C	A	.	VUS favour pathogenic	Hypertrophic Cardiomyopathy
chr1	201328372	C	C	Likely Pathogenic	VUS favour pathogenic	Hypertrophic Cardiomyopathy
chr1	201328372	C	A	VUS	VUS	Hypertrophic Cardiomyopathy
chr1	201328750	C	T	.	Likely Pathogenic	Hypertrophic Cardiomyopathy
chr1	201328750	C	C	Pathogenic	.	Hypertrophic Cardiomyopathy
chr1	201328765	G	A	.	Likely Pathogenic	Hypertrophic Cardiomyopathy
chr1	201328767	T	G	VUS	.	Hypertrophic Cardiomyopathy
chr1	201328787	T	G	VUS	VUS	Hypertrophic Cardiomyopathy
chr1	201330414	T	T	.	VUS favour pathogenic	Hypertrophic Cardiomyopathy
chr1	201330420	T	G	VUS	.	Hypertrophic Cardiomyopathy
chr1	201330453	G	T	.	VUS	Dilated Cardiomyopathy
chr1	201331078	C	T	.	VUS favour benign	Hypertrophic Cardiomyopathy
chr1	201331081	T	G	.	VUS	Hypertrophic Cardiomyopathy
chr1	201331117	G	T	Likely Pathogenic	.	Dilated Cardiomyopathy
chr1	201331523	C	A	VUS	.	Hypertrophic Cardiomyopathy
chr1	201332458	G	T	.	Likely Pathogenic	Hypertrophic Cardiomyopathy
chr1	201332460	C	C	.	VUS	Hypertrophic Cardiomyopathy
chr1	201332464	G	A	.	VUS	Dilated Cardiomyopathy
chr1	201332492	C	C	VUS	.	Hypertrophic Cardiomyopathy
chr1	201332507	C	A	Likely Pathogenic	.	Hypertrophic Cardiomyopathy
chr1	201332518	C	A	VUS	.	Dilated Cardiomyopathy
chr1	201332535	C	C	VUS	.	Hypertrophic Cardiomyopathy
chr1	201333434	G	T	VUS	.	Hypertrophic Cardiomyopathy
chr1	201333459	A	G	VUS	.	Hypertrophic Cardiomyopathy
chr1	201333464	G	T	Pathogenic	Pathogenic	Dilated Cardiomyopathy
chr1	201333469	C	A	.	Likely Pathogenic	Dilated Cardiomyopathy
chr1	201333470	G	T	.	VUS	Dilated Cardiomyopathy
chr1	201333485	G	T	VUS	.	Hypertrophic Cardiomyopathy
chr1	201333485	G	G	.	Likely Pathogenic	Dilated Cardiomyopathy
chr1	201333493	C	A	.	Likely Pathogenic	Dilated Cardiomyopathy
chr1	201333494	G	T	Likely Pathogenic	VUS favour pathogenic	Dilated Cardiomyopathy
chr1	201333497	G	T	Likely Pathogenic	Likely Pathogenic	Hypertrophic Cardiomyopathy
chr1	201334370	A	G	.	Likely Pathogenic	Hypertrophic Cardiomyopathy
chr1	201334375	G	T	.	VUS favour pathogenic	Dilated Cardiomyopathy
chr1	201334389	G	T	VUS	VUS favour pathogenic	Hypertrophic Cardiomyopathy
chr1	201334409	C	T	Likely Pathogenic	.	Hypertrophic Cardiomyopathy
chr1	201334417	T	G	.	VUS	Hypertrophic Cardiomyopathy
chr1	201334419	C	A	.	Likely Pathogenic	Hypertrophic Cardiomyopathy
chr1	201334419	C	T	Likely Pathogenic	Pathogenic	Hypertrophic Cardiomyopathy
chr1	201334425	C	A	Pathogenic	Pathogenic	Hypertrophic Cardiomyopathy
chr1	201334426	G	T	Pathogenic	Pathogenic	Hypertrophic Cardiomyopathy
chr1	201334431	A	A	VUS	.	Hypertrophic Cardiomyopathy
chr1	201334745	T	C	.	Likely Pathogenic	Hypertrophic Cardiomyopathy
chr1	201334746	C	T	VUS	.	Hypertrophic Cardiomyopathy
chr1	201334750	T	T	.	VUS	Hypertrophic Cardiomyopathy
chr1	201334751	C	C	.	VUS favour pathogenic	Hypertrophic Cardiomyopathy
chr1	201334753	C	C	.	VUS	Hypertrophic Cardiomyopathy
chr1	201334755	C	A	.	VUS	Hypertrophic Cardiomyopathy
chr1	201334758	C	A	.	Likely Pathogenic	Hypertrophic Cardiomyopathy
chr1	201334764	G	T	.	VUS favour pathogenic	Hypertrophic Cardiomyopathy
chr1	201334766	A	A	Pathogenic	Pathogenic	Hypertrophic Cardiomyopathy
chr1	201335991	T	G	.	VUS	Dilated Cardiomyopathy
chr1	201336923	C	C	VUS	.	Hypertrophic Cardiomyopathy
chr1	201337317	C	C	.	VUS	Hypertrophic Cardiomyopathy
chr10	75830501	C	T	.	Likely Pathogenic	Dilated Cardiomyopathy
chr10	75832550	C	T	.	Likely Pathogenic	Dilated Cardiomyopathy
chr10	75843201	C	T	.	VUS	Dilated Cardiomyopathy
chr10	75854066	A	C	.	VUS	Dilated Cardiomyopathy
chr10	75855509	C	T	.	Likely Pathogenic	Dilated Cardiomyopathy
chr10	75857062	C	T	.	VUS	Dilated Cardiomyopathy
chr10	75866997	A	G	.	VUS favour pathogenic	Dilated Cardiomyopathy
chr10	75871773	C	G	.	Likely Benign	Dilated Cardiomyopathy
chr10	75874084	G	A	.	VUS	Dilated Cardiomyopathy
chr10	75874625	C	T	.	VUS	Dilated Cardiomyopathy
chr10	75877895	C	T	.	VUS	Dilated Cardiomyopathy
chr10	88441214	G	A	.	VUS	Dilated Cardiomyopathy
chr10	88441401	C	A	.	VUS	Dilated Cardiomyopathy
chr10	88451789	C	T	.	VUS	Dilated Cardiomyopathy
chr10	88466290	C	A	.	VUS favour pathogenic	Dilated Cardiomyopathy
chr10	88476324	T	A	.	VUS	Dilated Cardiomyopathy
chr10	88476327	C	T	.	VUS	Dilated Cardiomyopathy
chr10	88478533	G	A	.	VUS	Dilated Cardiomyopathy
chr10	88478536	C	T	.	VUS	Dilated Cardiomyopathy
chr10	88492704	A	G	.	VUS	Dilated Cardiomyopathy
chr11	0		C	Likely Pathogenic	.	Hypertrophic Cardiomyopathy
chr11	47353422	T	G	.	Likely Pathogenic	Hypertrophic Cardiomyopathy
chr11	47353433	C	A	.	Pathogenic	Hypertrophic Cardiomyopathy
chr11	47353626	G	T	VUS	Pathogenic	Hypertrophic Cardiomyopathy
chr11	47353639	G	G	VUS	.	Hypertrophic Cardiomyopathy
chr11	47353640	C	A	.	Likely Pathogenic	Hypertrophic Cardiomyopathy
chr11	47353646	C	A	.	VUS	Hypertrophic Cardiomyopathy
chr11	47353666	G	A	Likely Pathogenic	.	Hypertrophic Cardiomyopathy
chr11	47353674	C	A	VUS	VUS favour pathogenic	Hypertrophic Cardiomyopathy
chr11	47353684	A	G	.	Pathogenic	Hypertrophic Cardiomyopathy
chr11	47353685	T	G	VUS	.	Hypertrophic Cardiomyopathy
chr11	47353686	A	C	VUS	.	Hypertrophic Cardiomyopathy
chr11	47353691	C	T	.	VUS	Hypertrophic Cardiomyopathy
chr11	47353695	C	A	.	VUS	Hypertrophic Cardiomyopathy
chr11	47353698	C	A	VUS	.	Hypertrophic Cardiomyopathy
chr11	47353709	G	G	VUS	.	Hypertrophic Cardiomyopathy
chr11	47353724	A	C	Likely Pathogenic	.	Hypertrophic Cardiomyopathy
chr11	47353740	G	T	Likely Pathogenic	Pathogenic	Hypertrophic Cardiomyopathy
chr11	47353743	T	T	.	Pathogenic	Hypertrophic Cardiomyopathy
chr11	47353760	C	T	.	VUS	Dilated Cardiomyopathy
chr11	47353761	G	T	VUS	VUS	Hypertrophic Cardiomyopathy
chr11	47353781	A	C	VUS	.	Hypertrophic Cardiomyopathy
chr11	47354116	C	T	Pathogenic	.	Hypertrophic Cardiomyopathy
chr11	47354116	C	A	Pathogenic	Pathogenic	Hypertrophic Cardiomyopathy
chr11	47354130	C	A	VUS	.	Hypertrophic Cardiomyopathy
chr11	47354130	C	C	Likely Pathogenic	.	Hypertrophic Cardiomyopathy
chr11	47354131	G	T	Likely Pathogenic	.	Hypertrophic Cardiomyopathy
chr11	47354139	C	A	.	Likely Pathogenic	Hypertrophic Cardiomyopathy
chr11	47354164	C	A	.	VUS	Hypertrophic Cardiomyopathy
chr11	47354172	G	T	VUS	.	Hypertrophic Cardiomyopathy
chr11	47354196	A	G	.	Likely Pathogenic	Hypertrophic Cardiomyopathy
chr11	47354255	T	T	.	Pathogenic	Hypertrophic Cardiomyopathy
chr11	47354364	C	A	Pathogenic	.	Hypertrophic Cardiomyopathy
chr11	47354385	G	T	VUS	.	Hypertrophic Cardiomyopathy
chr11	47354403	G	T	VUS	.	Hypertrophic Cardiomyopathy
chr11	47354440	C	A	.	VUS	Hypertrophic Cardiomyopathy
chr11	47354442	C	C	.	VUS	Hypertrophic Cardiomyopathy
chr11	47354447	G	A	Pathogenic	Pathogenic	Hypertrophic Cardiomyopathy
chr11	47354482	C	A	VUS	VUS favour pathogenic	Hypertrophic Cardiomyopathy
chr11	47354491	T	T	Likely Pathogenic	.	Hypertrophic Cardiomyopathy
chr11	47354498	G	A	Pathogenic	.	Hypertrophic Cardiomyopathy
chr11	47354520	C	A	.	Pathogenic	Hypertrophic Cardiomyopathy
chr11	47354525	C	A	.	Pathogenic	Hypertrophic Cardiomyopathy
chr11	47354743	A	G	.	Pathogenic	Hypertrophic Cardiomyopathy
chr11	47354744	C	C	Pathogenic	.	Hypertrophic Cardiomyopathy
chr11	47354759	C	A	VUS	.	Hypertrophic Cardiomyopathy
chr11	47354789	C	T	Pathogenic	Pathogenic	Hypertrophic Cardiomyopathy
chr11	47354794	T	T	.	VUS	Hypertrophic Cardiomyopathy
chr11	47354798	C	T	VUS	VUS	Hypertrophic Cardiomyopathy
chr11	47354818	C	A	Pathogenic	.	Hypertrophic Cardiomyopathy
chr11	47354819	A	C	VUS	.	Hypertrophic Cardiomyopathy
chr11	47354822	C	T	Pathogenic	Pathogenic	Hypertrophic Cardiomyopathy
chr11	47354842	C	A	.	Pathogenic	Hypertrophic Cardiomyopathy
chr11	47354869	G	A	Likely Pathogenic	.	Hypertrophic Cardiomyopathy
chr11	47355106	A	G	Pathogenic	Pathogenic	Hypertrophic Cardiomyopathy
chr11	47355107	C	A	.	Pathogenic	Hypertrophic Cardiomyopathy
chr11	47355117	G	T	Pathogenic	Pathogenic	Hypertrophic Cardiomyopathy
chr11	47355135	T	T	Pathogenic	.	Hypertrophic Cardiomyopathy
chr11	47355144	T	G	VUS	.	Dilated Cardiomyopathy
chr11	47355169	G	A	Pathogenic	.	Hypertrophic Cardiomyopathy
chr11	47355200	C	A	.	VUS	Hypertrophic Cardiomyopathy
chr11	47355215	G	G	.	VUS	Hypertrophic Cardiomyopathy
chr11	47355233	C	A	.	VUS favour pathogenic	Hypertrophic Cardiomyopathy
chr11	47355233	C	C	Likely Pathogenic	VUS favour pathogenic	Hypertrophic Cardiomyopathy
chr11	47355234	G	T	VUS	VUS favour pathogenic	Hypertrophic Cardiomyopathy
chr11	47355249	C	A	.	VUS favour benign	Hypertrophic Cardiomyopathy
chr11	47355279	A	C	VUS	.	Hypertrophic Cardiomyopathy
chr11	47355293	C	A	VUS	.	Hypertrophic Cardiomyopathy
chr11	47355304	C	A	Pathogenic	.	Hypertrophic Cardiomyopathy
chr11	47355474	T	G	.	VUS favour pathogenic	Hypertrophic Cardiomyopathy
chr11	47355499	G	G	Likely Pathogenic	.	Hypertrophic Cardiomyopathy
chr11	47355502	C	T	.	Pathogenic	Hypertrophic Cardiomyopathy
chr11	47355514	T	G	Pathogenic	.	Hypertrophic Cardiomyopathy
chr11	47355514	T	T	Pathogenic	Pathogenic	Hypertrophic Cardiomyopathy
chr11	47355528	C	A	.	VUS	Hypertrophic Cardiomyopathy
chr11	47355529	G	T	.	VUS	Hypertrophic Cardiomyopathy
chr11	47355547	G	T	.	Pathogenic	Hypertrophic Cardiomyopathy
chr11	47355558	C	A	Likely Pathogenic	.	Hypertrophic Cardiomyopathy
chr11	47355563	T	G	.	Pathogenic	Hypertrophic Cardiomyopathy
chr11	47356592	C	A	Pathogenic	Pathogenic	Hypertrophic Cardiomyopathy
chr11	47356592	C	C	.	Pathogenic	Hypertrophic Cardiomyopathy
chr11	47356593	G	T	Pathogenic	Pathogenic	Hypertrophic Cardiomyopathy
chr11	47356616	G	T	.	VUS	Hypertrophic Cardiomyopathy
chr11	47356625	G	T	VUS	VUS favour benign	Hypertrophic Cardiomyopathy
chr11	47356664	C	A	VUS	.	Hypertrophic Cardiomyopathy
chr11	47356670	C	A	.	VUS	Hypertrophic Cardiomyopathy
chr11	47356671	G	T	Pathogenic	Pathogenic	Hypertrophic Cardiomyopathy
chr11	47356750	C	A	Pathogenic	.	Hypertrophic Cardiomyopathy
chr11	47356751	C	A	.	Pathogenic	Hypertrophic Cardiomyopathy
chr11	47356762	T	G	Pathogenic	.	Hypertrophic Cardiomyopathy
chr11	47357426	A	A	.	Pathogenic	Hypertrophic Cardiomyopathy
chr11	47357427	C	C	.	Pathogenic	Hypertrophic Cardiomyopathy
chr11	47357442	T	G	.	VUS	Hypertrophic Cardiomyopathy
chr11	47357457	C	A	Likely Pathogenic	.	Hypertrophic Cardiomyopathy
chr11	47357494	G	T	VUS	.	Dilated Cardiomyopathy
chr11	47357495	C	A	.	Pathogenic	Hypertrophic Cardiomyopathy
chr11	47357511	G	T	.	VUS	Hypertrophic Cardiomyopathy
chr11	47357524	C	A	.	VUS	Hypertrophic Cardiomyopathy
chr11	47357563	C	C	Pathogenic	.	Hypertrophic Cardiomyopathy
chr11	47358960	G	T	Pathogenic	.	Hypertrophic Cardiomyopathy
chr11	47358971	C	A	Likely Pathogenic	VUS favour pathogenic	Hypertrophic Cardiomyopathy
chr11	47358984	T	G	.	VUS	Hypertrophic Cardiomyopathy
chr11	47358987	C	A	.	VUS	Hypertrophic Cardiomyopathy
chr11	47359003	G	A	.	Pathogenic	Hypertrophic Cardiomyopathy
chr11	47359011	G	T	.	VUS favour pathogenic	Hypertrophic Cardiomyopathy
chr11	47359018	G	G	Pathogenic	.	Hypertrophic Cardiomyopathy
chr11	47359019	T	G	.	VUS	Hypertrophic Cardiomyopathy
chr11	47359026	C	A	.	VUS	Hypertrophic Cardiomyopathy
chr11	47359040	C	T	Likely Pathogenic	.	Hypertrophic Cardiomyopathy
chr11	47359041	G	T	VUS	.	Hypertrophic Cardiomyopathy
chr11	47359085	C	A	VUS	Likely Pathogenic	Hypertrophic Cardiomyopathy
chr11	47359090	C	A	.	Pathogenic	Hypertrophic Cardiomyopathy
chr11	47359094	C	A	.	VUS favour pathogenic	Hypertrophic Cardiomyopathy
chr11	47359095	G	T	VUS	VUS	Hypertrophic Cardiomyopathy
chr11	47359107	T	T	.	Pathogenic	Hypertrophic Cardiomyopathy
chr11	47359108	C	T	.	VUS	Hypertrophic Cardiomyopathy
chr11	47359112	T	G	VUS	.	Hypertrophic Cardiomyopathy
chr11	47359115	C	A	VUS	.	Dilated Cardiomyopathy
chr11	47359273	G	A	VUS	.	Hypertrophic Cardiomyopathy
chr11	47359280	A	C	.	Likely Pathogenic	Hypertrophic Cardiomyopathy
chr11	47359283	G	T	Pathogenic	.	Hypertrophic Cardiomyopathy
chr11	47359334	C	A	.	VUS	Hypertrophic Cardiomyopathy
chr11	47359342	A	C	.	VUS	Hypertrophic Cardiomyopathy
chr11	47359346	C	A	Pathogenic	.	Hypertrophic Cardiomyopathy
chr11	47359347	T	G	.	Pathogenic	Hypertrophic Cardiomyopathy
chr11	47360070	C	T	.	Pathogenic	Hypertrophic Cardiomyopathy
chr11	47360070	C	A	Pathogenic	Pathogenic	Hypertrophic Cardiomyopathy
chr11	47360071	C	A	Likely Pathogenic	Likely Pathogenic	Hypertrophic Cardiomyopathy
chr11	47360079	T	G	VUS	.	Hypertrophic Cardiomyopathy
chr11	47360110	C	A	VUS	VUS	Hypertrophic Cardiomyopathy
chr11	47360114	G	A	Pathogenic	.	Hypertrophic Cardiomyopathy
chr11	47360130	G	T	Likely Pathogenic	.	Hypertrophic Cardiomyopathy
chr11	47360132	G	A	Pathogenic	.	Hypertrophic Cardiomyopathy
chr11	47360145	T	G	.	VUS	Hypertrophic Cardiomyopathy
chr11	47360160	C	C	VUS	.	Hypertrophic Cardiomyopathy
chr11	47360169	G	T	VUS	VUS	Hypertrophic Cardiomyopathy
chr11	47360181	C	A	VUS	.	Hypertrophic Cardiomyopathy
chr11	47360182	G	T	Likely Pathogenic	VUS	Hypertrophic Cardiomyopathy
chr11	47360197	C	T	.	Pathogenic	Hypertrophic Cardiomyopathy
chr11	47360209	G	T	.	VUS	Hypertrophic Cardiomyopathy
chr11	47360231	C	A	.	Pathogenic	Hypertrophic Cardiomyopathy
chr11	47361204	G	T	Pathogenic	.	Hypertrophic Cardiomyopathy
chr11	47361221	C	A	.	Pathogenic	Hypertrophic Cardiomyopathy
chr11	47361239	G	T	VUS	.	Hypertrophic Cardiomyopathy
chr11	47361293	A	C	.	VUS favour pathogenic	Dilated Cardiomyopathy
chr11	47361309	G	T	.	VUS favour benign	Hypertrophic Cardiomyopathy
chr11	47361319	G	G	.	VUS	Hypertrophic Cardiomyopathy
chr11	47361335	G	T	.	VUS	Hypertrophic Cardiomyopathy
chr11	47361343	T	G	Pathogenic	Pathogenic	Hypertrophic Cardiomyopathy
chr11	47362557	G	T	.	Pathogenic	Hypertrophic Cardiomyopathy
chr11	47362584	C	A	Pathogenic	.	Hypertrophic Cardiomyopathy
chr11	47362688	C	A	.	Pathogenic	Hypertrophic Cardiomyopathy
chr11	47362700	A	C	VUS	.	Hypertrophic Cardiomyopathy
chr11	47362717	G	A	.	Pathogenic	Hypertrophic Cardiomyopathy
chr11	47362745	T	G	VUS	VUS favour pathogenic	Hypertrophic Cardiomyopathy
chr11	47362758	C	C	VUS	VUS favour benign	Hypertrophic Cardiomyopathy
chr11	47362758	C	A	VUS	VUS	Hypertrophic Cardiomyopathy
chr11	47363542	C	A	VUS	VUS favour pathogenic	Hypertrophic Cardiomyopathy
chr11	47363543	G	T	VUS	.	Hypertrophic Cardiomyopathy
chr11	47363554	G	T	.	VUS favour pathogenic	Hypertrophic Cardiomyopathy
chr11	47363566	C	A	.	VUS	Hypertrophic Cardiomyopathy
chr11	47363576	G	G	Likely Pathogenic	.	Hypertrophic Cardiomyopathy
chr11	47363601	C	C	VUS	.	Hypertrophic Cardiomyopathy
chr11	47363608	C	T	VUS	.	Dilated Cardiomyopathy
chr11	47363612	G	T	VUS	.	Hypertrophic Cardiomyopathy
chr11	47363639	T	T	.	Pathogenic	Hypertrophic Cardiomyopathy
chr11	47363647	G	T	VUS	.	Hypertrophic Cardiomyopathy
chr11	47363660	C	A	.	VUS	Hypertrophic Cardiomyopathy
chr11	47364127	A	C	.	Pathogenic	Hypertrophic Cardiomyopathy
chr11	47364128	C	A	Pathogenic	.	Hypertrophic Cardiomyopathy
chr11	47364129	C	C	Pathogenic	Likely Pathogenic	Hypertrophic Cardiomyopathy
chr11	47364162	C	A	Likely Pathogenic	VUS favour pathogenic	Hypertrophic Cardiomyopathy
chr11	47364162	C	C	.	VUS favour pathogenic	Hypertrophic Cardiomyopathy
chr11	47364167	G	G	.	VUS favour pathogenic	Hypertrophic Cardiomyopathy
chr11	47364178	A	G	.	Pathogenic	Hypertrophic Cardiomyopathy
chr11	47364213	T	G	.	VUS	Hypertrophic Cardiomyopathy
chr11	47364218	A	A	.	VUS favour pathogenic	Hypertrophic Cardiomyopathy
chr11	47364248	C	T	.	VUS favour pathogenic	Hypertrophic Cardiomyopathy
chr11	47364248	C	A	Pathogenic	Pathogenic	Hypertrophic Cardiomyopathy
chr11	47364249	G	T	Pathogenic	Pathogenic	Hypertrophic Cardiomyopathy
chr11	47364269	C	A	Likely Pathogenic	VUS favour pathogenic	Hypertrophic Cardiomyopathy
chr11	47364270	G	G	Likely Pathogenic	Likely Pathogenic	Hypertrophic Cardiomyopathy
chr11	47364270	G	T	Likely Pathogenic	VUS favour pathogenic	Hypertrophic Cardiomyopathy
chr11	47364282	C	A	VUS	.	Hypertrophic Cardiomyopathy
chr11	47364295	C	A	Pathogenic	.	Hypertrophic Cardiomyopathy
chr11	47364296	C	A	.	Pathogenic	Hypertrophic Cardiomyopathy
chr11	47364381	C	A	Pathogenic	.	Hypertrophic Cardiomyopathy
chr11	47364382	A	G	VUS	Likely Pathogenic	Hypertrophic Cardiomyopathy
chr11	47364383	T	T	VUS	.	Hypertrophic Cardiomyopathy
chr11	47364405	G	T	Likely Pathogenic	.	Hypertrophic Cardiomyopathy
chr11	47364416	C	C	.	VUS	Dilated Cardiomyopathy
chr11	47364420	A	C	.	VUS	Hypertrophic Cardiomyopathy
chr11	47364433	G	T	Pathogenic	.	Hypertrophic Cardiomyopathy
chr11	47364441	A	A	.	VUS	Hypertrophic Cardiomyopathy
chr11	47364465	C	A	.	VUS	Dilated Cardiomyopathy
chr11	47364480	G	T	.	VUS	Hypertrophic Cardiomyopathy
chr11	47364570	A	C	.	Pathogenic	Hypertrophic Cardiomyopathy
chr11	47364571	C	A	Pathogenic	Pathogenic	Hypertrophic Cardiomyopathy
chr11	47364580	A	C	.	Likely Pathogenic	Hypertrophic Cardiomyopathy
chr11	47364620	G	T	Pathogenic	.	Hypertrophic Cardiomyopathy
chr11	47364629	C	A	.	VUS	Hypertrophic Cardiomyopathy
chr11	47364632	C	A	VUS	.	Hypertrophic Cardiomyopathy
chr11	47364650	G	T	Pathogenic	Pathogenic	Hypertrophic Cardiomyopathy
chr11	47364677	C	A	.	Likely Benign	Dilated Cardiomyopathy
chr11	47364692	T	G	VUS	.	Hypertrophic Cardiomyopathy
chr11	47364814	C	T	Pathogenic	.	Hypertrophic Cardiomyopathy
chr11	47364815	T	G	.	Pathogenic	Hypertrophic Cardiomyopathy
chr11	47365041	A	C	Pathogenic	.	Hypertrophic Cardiomyopathy
chr11	47365053	T	G	VUS	Pathogenic	Hypertrophic Cardiomyopathy
chr11	47365056	G	T	.	Pathogenic	Hypertrophic Cardiomyopathy
chr11	47365065	G	T	Pathogenic	.	Hypertrophic Cardiomyopathy
chr11	47365078	C	T	.	VUS	Hypertrophic Cardiomyopathy
chr11	47365092	C	T	VUS	.	Hypertrophic Cardiomyopathy
chr11	47365110	C	T	.	Pathogenic	Hypertrophic Cardiomyopathy
chr11	47365113	C	A	VUS	.	Hypertrophic Cardiomyopathy
chr11	47365143	C	A	VUS	.	Dilated Cardiomyopathy
chr11	47365146	G	T	Pathogenic	.	Hypertrophic Cardiomyopathy
chr11	47365154	G	T	VUS	.	Hypertrophic Cardiomyopathy
chr11	47367756	A	C	Pathogenic	.	Hypertrophic Cardiomyopathy
chr11	47367757	C	A	Pathogenic	Pathogenic	Hypertrophic Cardiomyopathy
chr11	47367757	C	T	Pathogenic	Pathogenic	Hypertrophic Cardiomyopathy
chr11	47367768	C	C	VUS	.	Hypertrophic Cardiomyopathy
chr11	47367776	C	A	VUS	.	Hypertrophic Cardiomyopathy
chr11	47367811	C	A	VUS	VUS	Hypertrophic Cardiomyopathy
chr11	47367827	C	C	VUS	.	Hypertrophic Cardiomyopathy
chr11	47367827	C	A	VUS	VUS favour pathogenic	Hypertrophic Cardiomyopathy
chr11	47367848	C	T	.	Pathogenic	Hypertrophic Cardiomyopathy
chr11	47367849	G	G	.	Pathogenic	Hypertrophic Cardiomyopathy
chr11	47367854	C	A	.	VUS	Dilated Cardiomyopathy
chr11	47367882	C	A	.	Pathogenic	Hypertrophic Cardiomyopathy
chr11	47367916	G	T	.	VUS	Hypertrophic Cardiomyopathy
chr11	47367916	G	A	Pathogenic	Pathogenic	Hypertrophic Cardiomyopathy
chr11	47367917	A	A	.	VUS	Hypertrophic Cardiomyopathy
chr11	47367923	T	G	Pathogenic	Pathogenic	Hypertrophic Cardiomyopathy
chr11	47368187	C	A	.	VUS	Dilated Cardiomyopathy
chr11	47369029	C	A	.	VUS	Hypertrophic Cardiomyopathy
chr11	47369209	G	T	Likely Pathogenic	VUS favour pathogenic	Hypertrophic Cardiomyopathy
chr11	47369406	A	G	Pathogenic	.	Hypertrophic Cardiomyopathy
chr11	47369406	A	C	Pathogenic	Pathogenic	Hypertrophic Cardiomyopathy
chr11	47369407	C	A	Pathogenic	Pathogenic	Hypertrophic Cardiomyopathy
chr11	47369407	C	C	.	Pathogenic	Hypertrophic Cardiomyopathy
chr11	47369411	C	A	VUS	.	Dilated Cardiomyopathy
chr11	47369415	G	T	.	VUS	Hypertrophic Cardiomyopathy
chr11	47369430	G	G	VUS	.	Hypertrophic Cardiomyopathy
chr11	47369974	C	A	Pathogenic	Pathogenic	Hypertrophic Cardiomyopathy
chr11	47369975	C	A	Pathogenic	Pathogenic	Hypertrophic Cardiomyopathy
chr11	47370000	G	A	Pathogenic	.	Hypertrophic Cardiomyopathy
chr11	47370002	A	C	.	VUS	Dilated Cardiomyopathy
chr11	47370034	C	A	.	VUS	Hypertrophic Cardiomyopathy
chr11	47370036	G	A	Pathogenic	.	Hypertrophic Cardiomyopathy
chr11	47370037	T	C	Likely Pathogenic	Likely Pathogenic	Hypertrophic Cardiomyopathy
chr11	47370046	G	A	Likely Pathogenic	.	Hypertrophic Cardiomyopathy
chr11	47370092	C	C	Likely Pathogenic	Likely Pathogenic	Hypertrophic Cardiomyopathy
chr11	47370093	C	A	.	Pathogenic	Hypertrophic Cardiomyopathy
chr11	47371343	G	G	.	VUS favour pathogenic	Hypertrophic Cardiomyopathy
chr11	47371348	C	A	VUS	.	Hypertrophic Cardiomyopathy
chr11	47371366	G	T	.	Pathogenic	Hypertrophic Cardiomyopathy
chr11	47371383	A	G	VUS	.	Dilated Cardiomyopathy
chr11	47371413	A	A	.	VUS	Hypertrophic Cardiomyopathy
chr11	47371422	G	T	VUS	.	Hypertrophic Cardiomyopathy
chr11	47371447	C	A	VUS	VUS favour pathogenic	Hypertrophic Cardiomyopathy
chr11	47371450	G	T	.	VUS	Dilated Cardiomyopathy
chr11	47371461	G	A	.	VUS	Hypertrophic Cardiomyopathy
chr11	47371474	C	T	.	Pathogenic	Hypertrophic Cardiomyopathy
chr11	47371474	C	A	Pathogenic	.	Hypertrophic Cardiomyopathy
chr11	47371586	G	T	Pathogenic	.	Hypertrophic Cardiomyopathy
chr11	47371589	G	A	.	VUS favour pathogenic	Hypertrophic Cardiomyopathy
chr11	47371619	C	A	.	VUS	Hypertrophic Cardiomyopathy
chr11	47371628	C	A	Likely Pathogenic	VUS favour pathogenic	Hypertrophic Cardiomyopathy
chr11	47371634	T	C	.	VUS	Hypertrophic Cardiomyopathy
chr11	47372086	C	T	VUS	VUS	Hypertrophic Cardiomyopathy
chr11	47372094	G	A	VUS	.	Hypertrophic Cardiomyopathy
chr11	47372104	C	A	.	VUS	Hypertrophic Cardiomyopathy
chr11	47372133	G	T	.	VUS	Hypertrophic Cardiomyopathy
chr11	47372792	G	T	.	VUS favour pathogenic	Hypertrophic Cardiomyopathy
chr11	47372841	C	T	VUS	.	Hypertrophic Cardiomyopathy
chr11	47372859	C	A	.	VUS favour pathogenic	Hypertrophic Cardiomyopathy
chr11	47372876	C	A	.	Likely Benign	Dilated Cardiomyopathy
chr11	47372894	C	A	VUS	.	Hypertrophic Cardiomyopathy
chr11	47372895	G	T	VUS	.	Hypertrophic Cardiomyopathy
chr11	47372916	C	A	.	VUS	Dilated Cardiomyopathy
chr11	47372934	T	G	VUS	VUS	Dilated Cardiomyopathy
chr11	47372956	C	A	Pathogenic	.	Hypertrophic Cardiomyopathy
chr11	47372961	G	T	.	VUS	Dilated Cardiomyopathy
chr11	47372978	C	A	.	VUS	Hypertrophic Cardiomyopathy
chr11	47372979	G	T	.	VUS	Hypertrophic Cardiomyopathy
chr11	47373033	G	T	VUS	.	Hypertrophic Cardiomyopathy
chr11	47373058	T	G	.	Pathogenic	Hypertrophic Cardiomyopathy
chr11	47374173	C	A	Pathogenic	.	Hypertrophic Cardiomyopathy
chr11	47374196	C	C	.	Likely Pathogenic	Hypertrophic Cardiomyopathy
chr11	47374198	T	T	Likely Pathogenic	.	Hypertrophic Cardiomyopathy
chr12	21958145	T	G	.	VUS	Dilated Cardiomyopathy
chr12	21960377	A	C	.	VUS	Dilated Cardiomyopathy
chr12	22025608	C	A	.	VUS	Dilated Cardiomyopathy
chr12	22035719	G	A	.	VUS	Dilated Cardiomyopathy
chr12	22035732	G	T	.	VUS	Dilated Cardiomyopathy
chr12	22061108	C	C	.	VUS	Dilated Cardiomyopathy
chr12	22063782	A	A	.	VUS	Dilated Cardiomyopathy
chr12	22086831	G	T	.	Likely Pathogenic	Dilated Cardiomyopathy
chr12	32945615	A	C	VUS	.	Arrhythmogenic Right Ventricular Cardiomyopathy
chr12	32945662	A	A	Pathogenic	.	Arrhythmogenic Right Ventricular Cardiomyopathy
chr12	32945666	C	C	Pathogenic	.	Arrhythmogenic Right Ventricular Cardiomyopathy
chr12	32949042	C	A	Pathogenic	.	Arrhythmogenic Right Ventricular Cardiomyopathy
chr12	32949139	G	G	VUS	.	Arrhythmogenic Right Ventricular Cardiomyopathy
chr12	32955491	C	C	Pathogenic	.	Arrhythmogenic Right Ventricular Cardiomyopathy
chr12	32974316	G	T	Pathogenic	.	Arrhythmogenic Right Ventricular Cardiomyopathy
chr12	32974373	A	C	VUS	.	Arrhythmogenic Right Ventricular Cardiomyopathy
chr12	32974377	A	A	Pathogenic	.	Arrhythmogenic Right Ventricular Cardiomyopathy
chr12	32974436	C	T	Pathogenic	.	Arrhythmogenic Right Ventricular Cardiomyopathy
chr12	32977031	G	G	Pathogenic	.	Arrhythmogenic Right Ventricular Cardiomyopathy
chr12	32977097	C	C	Pathogenic	.	Arrhythmogenic Right Ventricular Cardiomyopathy
chr12	33003841	G	T	Pathogenic	.	Arrhythmogenic Right Ventricular Cardiomyopathy
chr12	33003901	G	T	Pathogenic	.	Arrhythmogenic Right Ventricular Cardiomyopathy
chr12	33021860	C	C	Pathogenic	.	Arrhythmogenic Right Ventricular Cardiomyopathy
chr12	33021899	G	T	Pathogenic	.	Arrhythmogenic Right Ventricular Cardiomyopathy
chr12	33021917	C	A	VUS	.	Arrhythmogenic Right Ventricular Cardiomyopathy
chr12	33021968	G	T	Pathogenic	.	Arrhythmogenic Right Ventricular Cardiomyopathy
chr12	33030873	C	A	VUS	.	Arrhythmogenic Right Ventricular Cardiomyopathy
chr12	33031039	C	T	Pathogenic	.	Arrhythmogenic Right Ventricular Cardiomyopathy
chr12	33031151	G	A	Pathogenic	.	Arrhythmogenic Right Ventricular Cardiomyopathy
chr12	33031456	C	T	Pathogenic	.	Arrhythmogenic Right Ventricular Cardiomyopathy
chr12	33031479	T	T	Pathogenic	.	Arrhythmogenic Right Ventricular Cardiomyopathy
chr12	33031915	A	A	Pathogenic	.	Arrhythmogenic Right Ventricular Cardiomyopathy
chr12	33031955	G	T	Pathogenic	.	Arrhythmogenic Right Ventricular Cardiomyopathy
chr12	33049598	C	A	VUS	.	Arrhythmogenic Right Ventricular Cardiomyopathy
chr12	111348883	A	C	VUS	.	Hypertrophic Cardiomyopathy
chr12	111348897	C	A	.	Likely Pathogenic	Hypertrophic Cardiomyopathy
chr12	111348900	T	G	.	Likely Pathogenic	Hypertrophic Cardiomyopathy
chr12	111348923	C	C	.	VUS	Hypertrophic Cardiomyopathy
chr12	111348924	T	G	VUS	.	Hypertrophic Cardiomyopathy
chr12	111348954	G	T	.	VUS	Hypertrophic Cardiomyopathy
chr12	111350900	C	C	.	VUS favour pathogenic	Hypertrophic Cardiomyopathy
chr12	111350910	G	G	.	VUS favour pathogenic	Hypertrophic Cardiomyopathy
chr12	111350928	G	T	.	VUS favour benign	Hypertrophic Cardiomyopathy
chr12	111350944	G	T	.	VUS favour pathogenic	Hypertrophic Cardiomyopathy
chr12	111351090	C	A	.	VUS	Hypertrophic Cardiomyopathy
chr12	111351128	C	T	.	Likely Pathogenic	Hypertrophic Cardiomyopathy
chr12	111352004	C	C	.	Likely Pathogenic	Hypertrophic Cardiomyopathy
chr12	111352007	A	C	VUS	.	Hypertrophic Cardiomyopathy
chr12	111352025	G	A	.	Likely Pathogenic	Hypertrophic Cardiomyopathy
chr12	111352071	C	A	.	Likely Pathogenic	Hypertrophic Cardiomyopathy
chr12	111352080	T	T	.	VUS favour pathogenic	Hypertrophic Cardiomyopathy
chr12	111352091	C	A	Pathogenic	Pathogenic	Hypertrophic Cardiomyopathy
chr12	111352094	C	A	.	Likely Pathogenic	Hypertrophic Cardiomyopathy
chr12	111353525	C	T	.	VUS	Hypertrophic Cardiomyopathy
chr12	111353546	C	T	.	VUS favour pathogenic	Hypertrophic Cardiomyopathy
chr12	111353569	C	A	.	VUS	Hypertrophic Cardiomyopathy
chr12	111356917	T	T	.	VUS favour pathogenic	Hypertrophic Cardiomyopathy
chr12	111356921	T	G	VUS	Likely Pathogenic	Hypertrophic Cardiomyopathy
chr12	111356937	C	A	Pathogenic	Likely Pathogenic	Hypertrophic Cardiomyopathy
chr14	23882985	G	T	VUS	.	Hypertrophic Cardiomyopathy
chr14	23883009	C	T	.	VUS favour pathogenic	Hypertrophic Cardiomyopathy
chr14	23883018	C	A	.	Likely Pathogenic	Dilated Cardiomyopathy
chr14	23883033	G	T	VUS	.	Hypertrophic Cardiomyopathy
chr14	23883054	C	C	VUS	VUS favour pathogenic	Hypertrophic Cardiomyopathy
chr14	23883062	A	C	.	VUS	Hypertrophic Cardiomyopathy
chr14	23883068	C	A	VUS	.	Hypertrophic Cardiomyopathy
chr14	23883224	C	A	VUS	.	Hypertrophic Cardiomyopathy
chr14	23883284	G	T	VUS	.	Hypertrophic Cardiomyopathy
chr14	23883310	G	T	VUS	VUS favour pathogenic	Hypertrophic Cardiomyopathy
chr14	23884233	C	A	VUS	.	Dilated Cardiomyopathy
chr14	23884292	T	G	VUS	.	Hypertrophic Cardiomyopathy
chr14	23884362	C	A	.	Likely Pathogenic	Dilated Cardiomyopathy
chr14	23884383	G	G	.	Likely Pathogenic	Dilated Cardiomyopathy
chr14	23884383	G	A	VUS	Likely Pathogenic	Hypertrophic Cardiomyopathy
chr14	23884419	T	G	.	Likely Pathogenic	Hypertrophic Cardiomyopathy
chr14	23884421	C	A	.	Likely Pathogenic	Hypertrophic Cardiomyopathy
chr14	23884422	G	T	.	Pathogenic	Hypertrophic Cardiomyopathy
chr14	23884431	G	T	.	VUS	Hypertrophic Cardiomyopathy
chr14	23884434	C	A	VUS	.	Dilated Cardiomyopathy
chr14	23884437	T	G	Likely Pathogenic	VUS favour pathogenic	Hypertrophic Cardiomyopathy
chr14	23884472	A	A	VUS	.	Hypertrophic Cardiomyopathy
chr14	23884476	C	A	.	Likely Pathogenic	Hypertrophic Cardiomyopathy
chr14	23884681	T	T	.	VUS favour pathogenic	Hypertrophic Cardiomyopathy
chr14	23884701	G	G	VUS	.	Hypertrophic Cardiomyopathy
chr14	23884839	T	G	.	VUS favour pathogenic	Hypertrophic Cardiomyopathy
chr14	23884860	C	A	VUS	Likely Pathogenic	Hypertrophic Cardiomyopathy
chr14	23884885	G	T	VUS	.	Hypertrophic Cardiomyopathy
chr14	23884907	C	C	VUS	.	Hypertrophic Cardiomyopathy
chr14	23884966	G	T	VUS	.	Hypertrophic Cardiomyopathy
chr14	23884975	C	A	.	VUS	Hypertrophic Cardiomyopathy
chr14	23884975	C	T	VUS	.	Dilated Cardiomyopathy
chr14	23884993	T	G	VUS	.	Hypertrophic Cardiomyopathy
chr14	23885010	C	A	.	VUS favour pathogenic	Dilated Cardiomyopathy
chr14	23885041	C	T	VUS	.	Hypertrophic Cardiomyopathy
chr14	23885247	T	G	VUS	.	Hypertrophic Cardiomyopathy
chr14	23885302	G	T	.	VUS favour pathogenic	Hypertrophic Cardiomyopathy
chr14	23885349	C	A	VUS	VUS	Hypertrophic Cardiomyopathy
chr14	23885350	G	T	.	Likely Pathogenic	Hypertrophic Cardiomyopathy
chr14	23885379	G	T	VUS	.	Hypertrophic Cardiomyopathy
chr14	23885446	G	T	.	Likely Pathogenic	Dilated Cardiomyopathy
chr14	23885502	T	G	VUS	.	Hypertrophic Cardiomyopathy
chr14	23885506	C	A	VUS	.	Hypertrophic Cardiomyopathy
chr14	23886078	T	T	VUS	.	Dilated Cardiomyopathy
chr14	23886083	C	T	VUS	.	Dilated Cardiomyopathy
chr14	23886085	C	C	VUS	.	Hypertrophic Cardiomyopathy
chr14	23886181	C	A	.	VUS	Hypertrophic Cardiomyopathy
chr14	23886184	T	T	.	VUS	Hypertrophic Cardiomyopathy
chr14	23886189	T	C	VUS	.	Hypertrophic Cardiomyopathy
chr14	23886196	T	C	.	VUS	Hypertrophic Cardiomyopathy
chr14	23886445	G	T	.	VUS favour pathogenic	Hypertrophic Cardiomyopathy
chr14	23886463	T	G	VUS	.	Hypertrophic Cardiomyopathy
chr14	23886470	G	T	.	VUS favour pathogenic	Dilated Cardiomyopathy
chr14	23886473	A	C	.	VUS favour pathogenic	Dilated Cardiomyopathy
chr14	23886717	C	A	.	Likely Pathogenic	Dilated Cardiomyopathy
chr14	23886722	T	G	VUS	.	Hypertrophic Cardiomyopathy
chr14	23886765	G	T	Likely Pathogenic	.	Dilated Cardiomyopathy
chr14	23886782	A	C	.	Likely Pathogenic	Hypertrophic Cardiomyopathy
chr14	23886789	C	A	VUS	.	Hypertrophic Cardiomyopathy
chr14	23886806	C	T	VUS	.	Hypertrophic Cardiomyopathy
chr14	23886806	C	A	VUS	VUS favour pathogenic	Hypertrophic Cardiomyopathy
chr14	23886807	G	T	VUS	VUS favour pathogenic	Hypertrophic Cardiomyopathy
chr14	23887443	C	A	.	Likely Pathogenic	Hypertrophic Cardiomyopathy
chr14	23887444	G	T	VUS	.	Hypertrophic Cardiomyopathy
chr14	23887452	G	A	.	VUS favour pathogenic	Hypertrophic Cardiomyopathy
chr14	23887453	C	A	Pathogenic	Pathogenic	Hypertrophic Cardiomyopathy
chr14	23887456	C	C	VUS	.	Hypertrophic Cardiomyopathy
chr14	23887458	G	T	VUS	VUS favour pathogenic	Hypertrophic Cardiomyopathy
chr14	23887464	T	G	VUS	Likely Pathogenic	Hypertrophic Cardiomyopathy
chr14	23887480	G	A	VUS	.	Hypertrophic Cardiomyopathy
chr14	23887510	C	A	.	VUS	Hypertrophic Cardiomyopathy
chr14	23887522	C	A	Likely Pathogenic	Likely Pathogenic	Hypertrophic Cardiomyopathy
chr14	23887540	C	A	VUS	.	Dilated Cardiomyopathy
chr14	23887558	G	T	.	VUS favour pathogenic	Dilated Cardiomyopathy
chr14	23887584	G	T	VUS	.	Dilated Cardiomyopathy
chr14	23887588	G	T	VUS	.	Hypertrophic Cardiomyopathy
chr14	23887594	C	A	.	VUS favour pathogenic	Hypertrophic Cardiomyopathy
chr14	23887606	C	A	.	VUS favour pathogenic	Dilated Cardiomyopathy
chr14	23887614	G	T	VUS	.	Hypertrophic Cardiomyopathy
chr14	23888391	C	A	.	VUS favour benign	Hypertrophic Cardiomyopathy
chr14	23888459	T	T	VUS	.	Hypertrophic Cardiomyopathy
chr14	23888502	C	A	.	Likely Pathogenic	Dilated Cardiomyopathy
chr14	23888715	C	A	.	VUS	Hypertrophic Cardiomyopathy
chr14	23888742	C	C	VUS	.	Hypertrophic Cardiomyopathy
chr14	23888811	A	A	.	VUS	Dilated Cardiomyopathy
chr14	23889116	T	G	.	VUS favour pathogenic	Hypertrophic Cardiomyopathy
chr14	23889143	C	A	VUS	VUS	Hypertrophic Cardiomyopathy
chr14	23889154	T	G	.	VUS	Hypertrophic Cardiomyopathy
chr14	23889158	C	A	VUS	.	Hypertrophic Cardiomyopathy
chr14	23889187	T	G	VUS	.	Hypertrophic Cardiomyopathy
chr14	23889202	C	A	VUS	.	Hypertrophic Cardiomyopathy
chr14	23889232	A	A	VUS	.	Hypertrophic Cardiomyopathy
chr14	23889287	T	G	VUS	.	Hypertrophic Cardiomyopathy
chr14	23889305	C	A	VUS	.	Hypertrophic Cardiomyopathy
chr14	23889316	C	A	VUS	.	Dilated Cardiomyopathy
chr14	23889325	T	T	.	Likely Pathogenic	Dilated Cardiomyopathy
chr14	23889352	A	G	VUS	.	Hypertrophic Cardiomyopathy
chr14	23889407	C	C	VUS	.	Hypertrophic Cardiomyopathy
chr14	23889434	C	A	VUS	Likely Pathogenic	Hypertrophic Cardiomyopathy
chr14	23889439	C	A	VUS	.	Hypertrophic Cardiomyopathy
chr14	23890178	T	G	VUS	.	Hypertrophic Cardiomyopathy
chr14	23890214	C	A	VUS	.	Hypertrophic Cardiomyopathy
chr14	23890219	T	G	VUS	.	Dilated Cardiomyopathy
chr14	23891398	C	A	.	VUS	Hypertrophic Cardiomyopathy
chr14	23891403	A	G	VUS	.	Hypertrophic Cardiomyopathy
chr14	23891426	C	A	VUS	.	Hypertrophic Cardiomyopathy
chr14	23891464	C	A	VUS	.	Hypertrophic Cardiomyopathy
chr14	23891465	C	A	.	VUS favour pathogenic	Hypertrophic Cardiomyopathy
chr14	23891476	C	A	Likely Pathogenic	Likely Pathogenic	Hypertrophic Cardiomyopathy
chr14	23891500	C	T	VUS	Likely Pathogenic	Hypertrophic Cardiomyopathy
chr14	23891501	G	T	Likely Pathogenic	VUS favour pathogenic	Hypertrophic Cardiomyopathy
chr14	23892791	T	G	VUS	.	Hypertrophic Cardiomyopathy
chr14	23892809	T	G	VUS	.	Hypertrophic Cardiomyopathy
chr14	23892882	C	T	.	VUS favour pathogenic	Dilated Cardiomyopathy
chr14	23893132	T	C	VUS	.	Hypertrophic Cardiomyopathy
chr14	23893139	C	A	.	Likely Pathogenic	Hypertrophic Cardiomyopathy
chr14	23893144	T	G	VUS	.	Hypertrophic Cardiomyopathy
chr14	23893157	G	G	VUS	.	Hypertrophic Cardiomyopathy
chr14	23893192	T	T	.	VUS favour pathogenic	Hypertrophic Cardiomyopathy
chr14	23893193	C	A	.	Likely Pathogenic	Hypertrophic Cardiomyopathy
chr14	23893250	C	C	.	Likely Pathogenic	Hypertrophic Cardiomyopathy
chr14	23893250	C	A	Likely Pathogenic	Pathogenic	Hypertrophic Cardiomyopathy
chr14	23893253	C	A	Likely Pathogenic	.	Hypertrophic Cardiomyopathy
chr14	23893255	T	C	.	VUS	Hypertrophic Cardiomyopathy
chr14	23893256	C	A	.	Likely Pathogenic	Hypertrophic Cardiomyopathy
chr14	23893259	C	A	VUS	VUS favour pathogenic	Hypertrophic Cardiomyopathy
chr14	23893262	G	G	VUS	.	Hypertrophic Cardiomyopathy
chr14	23893268	C	A	Pathogenic	Pathogenic	Hypertrophic Cardiomyopathy
chr14	23893268	C	C	VUS	.	Hypertrophic Cardiomyopathy
chr14	23893292	C	A	.	VUS favour pathogenic	Hypertrophic Cardiomyopathy
chr14	23893294	A	C	.	Pathogenic	Hypertrophic Cardiomyopathy
chr14	23893296	C	T	.	Likely Pathogenic	Hypertrophic Cardiomyopathy
chr14	23893300	A	C	VUS	.	Hypertrophic Cardiomyopathy
chr14	23893313	T	G	.	VUS	Hypertrophic Cardiomyopathy
chr14	23893316	G	G	Pathogenic	Pathogenic	Hypertrophic Cardiomyopathy
chr14	23893319	G	A	.	VUS	Hypertrophic Cardiomyopathy
chr14	23893321	T	G	Likely Pathogenic	Pathogenic	Hypertrophic Cardiomyopathy
chr14	23893322	C	A	.	VUS favour pathogenic	Hypertrophic Cardiomyopathy
chr14	23893327	C	A	VUS	.	Hypertrophic Cardiomyopathy
chr14	23893328	G	T	.	Pathogenic	Dilated Cardiomyopathy
chr14	23893330	T	G	.	Likely Pathogenic	Hypertrophic Cardiomyopathy
chr14	23893331	C	C	VUS	.	Hypertrophic Cardiomyopathy
chr14	23893337	C	C	Likely Pathogenic	.	Hypertrophic Cardiomyopathy
chr14	23893338	A	A	VUS	.	Hypertrophic Cardiomyopathy
chr14	23893339	T	G	.	VUS favour pathogenic	Hypertrophic Cardiomyopathy
chr14	23893346	G	G	.	Likely Pathogenic	Hypertrophic Cardiomyopathy
chr14	23893355	G	G	.	VUS	Dilated Cardiomyopathy
chr14	23893355	G	A	VUS	.	Hypertrophic Cardiomyopathy
chr14	23893356	T	C	VUS	.	Dilated Cardiomyopathy
chr14	23893357	T	G	Likely Pathogenic	Likely Pathogenic	Hypertrophic Cardiomyopathy
chr14	23893358	C	A	VUS	.	Hypertrophic Cardiomyopathy
chr14	23893979	G	T	.	VUS favour pathogenic	Dilated Cardiomyopathy
chr14	23894013	G	G	.	VUS favour pathogenic	Hypertrophic Cardiomyopathy
chr14	23894026	C	A	VUS	.	Hypertrophic Cardiomyopathy
chr14	23894026	C	C	VUS	.	Hypertrophic Cardiomyopathy
chr14	23894048	C	A	Pathogenic	Pathogenic	Hypertrophic Cardiomyopathy
chr14	23894049	G	T	.	VUS	Hypertrophic Cardiomyopathy
chr14	23894051	C	T	VUS	.	Hypertrophic Cardiomyopathy
chr14	23894051	C	A	Likely Pathogenic	VUS favour pathogenic	Hypertrophic Cardiomyopathy
chr14	23894055	C	C	VUS	Likely Pathogenic	Hypertrophic Cardiomyopathy
chr14	23894084	C	A	Likely Pathogenic	.	Hypertrophic Cardiomyopathy
chr14	23894085	G	G	.	VUS	Hypertrophic Cardiomyopathy
chr14	23894085	G	T	VUS	VUS favour pathogenic	Hypertrophic Cardiomyopathy
chr14	23894087	G	T	.	VUS	Hypertrophic Cardiomyopathy
chr14	23894102	A	C	Likely Pathogenic	VUS favour pathogenic	Hypertrophic Cardiomyopathy
chr14	23894108	G	A	Likely Pathogenic	.	Hypertrophic Cardiomyopathy
chr14	23894111	A	C	Likely Pathogenic	Likely Pathogenic	Hypertrophic Cardiomyopathy
chr14	23894114	T	G	.	Likely Pathogenic	Hypertrophic Cardiomyopathy
chr14	23894118	T	G	Likely Pathogenic	Likely Pathogenic	Hypertrophic Cardiomyopathy
chr14	23894121	C	C	VUS	.	Hypertrophic Cardiomyopathy
chr14	23894132	C	A	.	Pathogenic	Hypertrophic Cardiomyopathy
chr14	23894155	G	G	.	Pathogenic	Hypertrophic Cardiomyopathy
chr14	23894156	A	A	VUS	.	Hypertrophic Cardiomyopathy
chr14	23894159	T	G	.	VUS	Hypertrophic Cardiomyopathy
chr14	23894186	A	C	VUS	Likely Pathogenic	Hypertrophic Cardiomyopathy
chr14	23894187	C	C	.	VUS favour pathogenic	Hypertrophic Cardiomyopathy
chr14	23894195	A	C	.	VUS	Hypertrophic Cardiomyopathy
chr14	23894201	C	A	VUS	.	Dilated Cardiomyopathy
chr14	23894202	G	T	VUS	.	Dilated Cardiomyopathy
chr14	23894225	A	C	.	Likely Pathogenic	Hypertrophic Cardiomyopathy
chr14	23894232	C	T	.	VUS	Hypertrophic Cardiomyopathy
chr14	23894513	A	A	.	VUS	Hypertrophic Cardiomyopathy
chr14	23894525	C	C	Likely Pathogenic	.	Hypertrophic Cardiomyopathy
chr14	23894525	C	A	Pathogenic	Pathogenic	Hypertrophic Cardiomyopathy
chr14	23894555	G	T	Likely Pathogenic	.	Hypertrophic Cardiomyopathy
chr14	23894561	T	G	VUS	.	Hypertrophic Cardiomyopathy
chr14	23894566	C	C	.	Likely Pathogenic	Dilated Cardiomyopathy
chr14	23894566	C	A	Likely Pathogenic	.	Hypertrophic Cardiomyopathy
chr14	23894612	C	A	Likely Pathogenic	Likely Pathogenic	Hypertrophic Cardiomyopathy
chr14	23894618	T	C	Likely Pathogenic	Pathogenic	Hypertrophic Cardiomyopathy
chr14	23894627	C	A	.	Likely Pathogenic	Hypertrophic Cardiomyopathy
chr14	23894905	T	G	.	Pathogenic	Hypertrophic Cardiomyopathy
chr14	23894917	A	G	Likely Pathogenic	.	Hypertrophic Cardiomyopathy
chr14	23894944	A	A	.	Likely Pathogenic	Hypertrophic Cardiomyopathy
chr14	23894969	C	A	Pathogenic	Pathogenic	Hypertrophic Cardiomyopathy
chr14	23894969	C	C	.	Pathogenic	Hypertrophic Cardiomyopathy
chr14	23894969	C	T	Pathogenic	Pathogenic	Hypertrophic Cardiomyopathy
chr14	23894970	C	T	Likely Pathogenic	.	Hypertrophic Cardiomyopathy
chr14	23894973	C	T	.	Likely Pathogenic	Hypertrophic Cardiomyopathy
chr14	23894983	A	C	Pathogenic	Likely Pathogenic	Hypertrophic Cardiomyopathy
chr14	23894984	T	G	.	VUS	Hypertrophic Cardiomyopathy
chr14	23894992	C	A	.	Likely Pathogenic	Hypertrophic Cardiomyopathy
chr14	23894999	G	G	.	Likely Pathogenic	Hypertrophic Cardiomyopathy
chr14	23895007	G	T	VUS	.	Hypertrophic Cardiomyopathy
chr14	23895012	G	A	.	VUS favour pathogenic	Hypertrophic Cardiomyopathy
chr14	23895019	A	A	.	VUS favour pathogenic	Dilated Cardiomyopathy
chr14	23895023	G	T	Pathogenic	Pathogenic	Hypertrophic Cardiomyopathy
chr14	23895179	C	A	Pathogenic	Pathogenic	Hypertrophic Cardiomyopathy
chr14	23895180	G	T	Pathogenic	Pathogenic	Hypertrophic Cardiomyopathy
chr14	23895189	C	A	.	Pathogenic	Hypertrophic Cardiomyopathy
chr14	23895206	G	T	.	Likely Pathogenic	Hypertrophic Cardiomyopathy
chr14	23895206	G	A	Likely Pathogenic	Likely Pathogenic	Hypertrophic Cardiomyopathy
chr14	23895230	A	A	.	Pathogenic	Hypertrophic Cardiomyopathy
chr14	23895231	T	G	VUS	.	Hypertrophic Cardiomyopathy
chr14	23895234	C	A	.	VUS favour pathogenic	Hypertrophic Cardiomyopathy
chr14	23895254	C	A	Likely Pathogenic	.	Hypertrophic Cardiomyopathy
chr14	23895255	G	T	.	Likely Pathogenic	Hypertrophic Cardiomyopathy
chr14	23895266	A	C	Likely Pathogenic	Pathogenic	Hypertrophic Cardiomyopathy
chr14	23895283	C	A	.	VUS favour benign	Hypertrophic Cardiomyopathy
chr14	23896015	C	T	Likely Pathogenic	.	Dilated Cardiomyopathy
chr14	23896019	G	T	Likely Pathogenic	Likely Pathogenic	Hypertrophic Cardiomyopathy
chr14	23896042	C	A	Pathogenic	Pathogenic	Hypertrophic Cardiomyopathy
chr14	23896043	G	T	.	Likely Pathogenic	Hypertrophic Cardiomyopathy
chr14	23896061	T	C	.	Likely Pathogenic	Hypertrophic Cardiomyopathy
chr14	23896451	T	G	Likely Pathogenic	.	Hypertrophic Cardiomyopathy
chr14	23896513	A	C	.	VUS	Dilated Cardiomyopathy
chr14	23896794	G	T	.	VUS	Dilated Cardiomyopathy
chr14	23896811	T	G	.	VUS favour pathogenic	Hypertrophic Cardiomyopathy
chr14	23896826	G	T	VUS	.	Hypertrophic Cardiomyopathy
chr14	23896866	C	A	Pathogenic	Pathogenic	Hypertrophic Cardiomyopathy
chr14	23896878	T	T	VUS	.	Hypertrophic Cardiomyopathy
chr14	23896891	G	A	.	Likely Pathogenic	Dilated Cardiomyopathy
chr14	23896923	C	A	Likely Pathogenic	VUS favour pathogenic	Hypertrophic Cardiomyopathy
chr14	23896925	A	C	Likely Pathogenic	Likely Pathogenic	Hypertrophic Cardiomyopathy
chr14	23896929	T	T	VUS	.	Hypertrophic Cardiomyopathy
chr14	23896932	C	C	.	Likely Pathogenic	Hypertrophic Cardiomyopathy
chr14	23896955	T	G	.	Likely Pathogenic	Hypertrophic Cardiomyopathy
chr14	23896982	C	A	.	Likely Pathogenic	Dilated Cardiomyopathy
chr14	23897052	T	G	.	VUS	Dilated Cardiomyopathy
chr14	23897057	T	G	VUS	.	Hypertrophic Cardiomyopathy
chr14	23897074	C	T	.	Likely Pathogenic	Hypertrophic Cardiomyopathy
chr14	23897085	T	G	.	Likely Pathogenic	Dilated Cardiomyopathy
chr14	23897103	G	A	VUS	.	Hypertrophic Cardiomyopathy
chr14	23897714	C	A	.	Likely Pathogenic	Dilated Cardiomyopathy
chr14	23897717	T	G	.	Likely Pathogenic	Dilated Cardiomyopathy
chr14	23897725	A	C	.	Likely Pathogenic	Hypertrophic Cardiomyopathy
chr14	23897738	G	A	.	VUS favour pathogenic	Hypertrophic Cardiomyopathy
chr14	23897743	A	C	Pathogenic	.	Hypertrophic Cardiomyopathy
chr14	23897746	C	A	.	VUS	Hypertrophic Cardiomyopathy
chr14	23897773	C	T	.	VUS	Hypertrophic Cardiomyopathy
chr14	23897788	T	C	.	VUS favour pathogenic	Hypertrophic Cardiomyopathy
chr14	23897791	T	G	.	VUS favour pathogenic	Hypertrophic Cardiomyopathy
chr14	23897796	C	T	.	Likely Pathogenic	Hypertrophic Cardiomyopathy
chr14	23897797	T	G	.	Likely Pathogenic	Hypertrophic Cardiomyopathy
chr14	23897808	C	A	Likely Pathogenic	.	Hypertrophic Cardiomyopathy
chr14	23897810	T	T	Likely Pathogenic	.	Hypertrophic Cardiomyopathy
chr14	23897810	T	G	Likely Pathogenic	.	Hypertrophic Cardiomyopathy
chr14	23897840	C	A	Pathogenic	.	Hypertrophic Cardiomyopathy
chr14	23897851	T	G	Likely Pathogenic	Likely Pathogenic	Hypertrophic Cardiomyopathy
chr14	23897854	A	A	Likely Pathogenic	.	Hypertrophic Cardiomyopathy
chr14	23897861	G	G	.	VUS	Hypertrophic Cardiomyopathy
chr14	23898166	C	T	.	Likely Pathogenic	Dilated Cardiomyopathy
chr14	23898166	C	A	VUS	VUS favour pathogenic	Hypertrophic Cardiomyopathy
chr14	23898169	A	C	.	VUS favour pathogenic	Dilated Cardiomyopathy
chr14	23898201	A	C	Likely Pathogenic	Likely Pathogenic	Hypertrophic Cardiomyopathy
chr14	23898213	C	A	Likely Pathogenic	Likely Pathogenic	Hypertrophic Cardiomyopathy
chr14	23898214	G	A	.	Likely Pathogenic	Hypertrophic Cardiomyopathy
chr14	23898214	G	T	Pathogenic	Pathogenic	Hypertrophic Cardiomyopathy
chr14	23898219	T	C	.	VUS	Hypertrophic Cardiomyopathy
chr14	23898225	G	T	VUS	.	Hypertrophic Cardiomyopathy
chr14	23898226	T	T	Likely Pathogenic	.	Hypertrophic Cardiomyopathy
chr14	23898247	G	T	Likely Pathogenic	Pathogenic	Hypertrophic Cardiomyopathy
chr14	23898253	C	A	VUS	Likely Pathogenic	Hypertrophic Cardiomyopathy
chr14	23898256	T	T	.	VUS favour pathogenic	Hypertrophic Cardiomyopathy
chr14	23898288	G	T	.	VUS favour pathogenic	Hypertrophic Cardiomyopathy
chr14	23898292	G	A	Likely Pathogenic	.	Hypertrophic Cardiomyopathy
chr14	23898303	G	T	VUS	.	Hypertrophic Cardiomyopathy
chr14	23898464	C	A	Likely Pathogenic	.	Hypertrophic Cardiomyopathy
chr14	23898467	A	G	Likely Pathogenic	.	Hypertrophic Cardiomyopathy
chr14	23898475	C	T	.	VUS	Hypertrophic Cardiomyopathy
chr14	23898479	C	A	Likely Pathogenic	.	Hypertrophic Cardiomyopathy
chr14	23898487	C	A	Pathogenic	Pathogenic	Hypertrophic Cardiomyopathy
chr14	23898487	C	T	Pathogenic	.	Hypertrophic Cardiomyopathy
chr14	23898488	G	T	Pathogenic	Pathogenic	Hypertrophic Cardiomyopathy
chr14	23898488	G	G	Pathogenic	.	Hypertrophic Cardiomyopathy
chr14	23898513	G	A	VUS	.	Hypertrophic Cardiomyopathy
chr14	23898529	C	A	.	VUS favour pathogenic	Hypertrophic Cardiomyopathy
chr14	23898538	T	G	.	Likely Pathogenic	Hypertrophic Cardiomyopathy
chr14	23898547	T	G	.	VUS	Hypertrophic Cardiomyopathy
chr14	23898553	G	A	Likely Pathogenic	.	Hypertrophic Cardiomyopathy
chr14	23898990	T	C	.	VUS	Hypertrophic Cardiomyopathy
chr14	23899001	T	T	Likely Pathogenic	.	Hypertrophic Cardiomyopathy
chr14	23899016	C	A	.	Likely Pathogenic	Dilated Cardiomyopathy
chr14	23899059	C	A	Likely Pathogenic	VUS favour pathogenic	Hypertrophic Cardiomyopathy
chr14	23899059	C	T	VUS	.	Hypertrophic Cardiomyopathy
chr14	23899062	C	A	.	Likely Pathogenic	Hypertrophic Cardiomyopathy
chr14	23899071	T	G	Likely Pathogenic	.	Hypertrophic Cardiomyopathy
chr14	23899077	T	G	VUS	.	Hypertrophic Cardiomyopathy
chr14	23899109	A	C	.	VUS	Hypertrophic Cardiomyopathy
chr14	23899110	C	A	.	Likely Pathogenic	Hypertrophic Cardiomyopathy
chr14	23899119	C	T	.	VUS favour pathogenic	Hypertrophic Cardiomyopathy
chr14	23899785	T	G	Likely Pathogenic	.	Hypertrophic Cardiomyopathy
chr14	23899792	C	C	Likely Pathogenic	VUS	Hypertrophic Cardiomyopathy
chr14	23899800	A	C	.	VUS	Hypertrophic Cardiomyopathy
chr14	23899800	A	A	.	Likely Pathogenic	Hypertrophic Cardiomyopathy
chr14	23899804	A	A	VUS	.	Hypertrophic Cardiomyopathy
chr14	23899810	C	A	VUS	.	Hypertrophic Cardiomyopathy
chr14	23899843	C	A	Likely Pathogenic	.	Hypertrophic Cardiomyopathy
chr14	23899848	G	A	Pathogenic	.	Hypertrophic Cardiomyopathy
chr14	23899848	G	T	.	VUS favour pathogenic	Hypertrophic Cardiomyopathy
chr14	23899864	G	A	VUS	.	Hypertrophic Cardiomyopathy
chr14	23900133	G	T	.	Likely Pathogenic	Hypertrophic Cardiomyopathy
chr14	23900157	T	G	.	Likely Pathogenic	Hypertrophic Cardiomyopathy
chr14	23900170	C	A	.	VUS favour pathogenic	Dilated Cardiomyopathy
chr14	23900175	A	C	.	VUS favour pathogenic	Hypertrophic Cardiomyopathy
chr14	23900196	T	G	VUS	.	Hypertrophic Cardiomyopathy
chr14	23900206	G	G	Likely Pathogenic	Likely Pathogenic	Hypertrophic Cardiomyopathy
chr14	23900630	T	T	VUS	.	Hypertrophic Cardiomyopathy
chr14	23900634	T	G	Likely Pathogenic	.	Hypertrophic Cardiomyopathy
chr14	23900635	A	C	Pathogenic	Likely Pathogenic	Hypertrophic Cardiomyopathy
chr14	23900656	C	A	Likely Pathogenic	.	Hypertrophic Cardiomyopathy
chr14	23900675	T	G	.	VUS favour pathogenic	Hypertrophic Cardiomyopathy
chr14	23900677	C	A	Pathogenic	Pathogenic	Hypertrophic Cardiomyopathy
chr14	23900680	A	C	.	Likely Pathogenic	Hypertrophic Cardiomyopathy
chr14	23900681	T	T	.	Likely Pathogenic	Dilated Cardiomyopathy
chr14	23900684	A	C	.	Likely Pathogenic	Hypertrophic Cardiomyopathy
chr14	23900686	T	T	Likely Pathogenic	.	Hypertrophic Cardiomyopathy
chr14	23900689	C	A	.	Likely Pathogenic	Dilated Cardiomyopathy
chr14	23900795	A	G	Likely Pathogenic	.	Hypertrophic Cardiomyopathy
chr14	23900798	C	A	Likely Pathogenic	.	Dilated Cardiomyopathy
chr14	23900799	G	T	.	VUS favour pathogenic	Hypertrophic Cardiomyopathy
chr14	23900811	C	A	Likely Pathogenic	Likely Pathogenic	Hypertrophic Cardiomyopathy
chr14	23900816	C	A	VUS	.	Hypertrophic Cardiomyopathy
chr14	23900817	G	T	.	VUS	Dilated Cardiomyopathy
chr14	23900819	A	C	.	VUS favour pathogenic	Hypertrophic Cardiomyopathy
chr14	23900832	T	C	Likely Pathogenic	.	Hypertrophic Cardiomyopathy
chr14	23900849	G	T	VUS	.	Hypertrophic Cardiomyopathy
chr14	23900885	C	A	Likely Pathogenic	.	Hypertrophic Cardiomyopathy
chr14	23900977	G	T	Likely Pathogenic	VUS	Hypertrophic Cardiomyopathy
chr14	23900990	T	C	Likely Pathogenic	VUS favour pathogenic	Hypertrophic Cardiomyopathy
chr14	23900998	C	A	VUS	.	Hypertrophic Cardiomyopathy
chr14	23900998	C	T	.	VUS	Hypertrophic Cardiomyopathy
chr14	23900999	G	T	Likely Pathogenic	.	Hypertrophic Cardiomyopathy
chr14	23901007	A	C	.	Likely Pathogenic	Dilated Cardiomyopathy
chr14	23901013	G	T	.	Likely Pathogenic	Hypertrophic Cardiomyopathy
chr14	23901014	C	A	VUS	.	Hypertrophic Cardiomyopathy
chr14	23901020	C	A	VUS	.	Dilated Cardiomyopathy
chr14	23901031	T	G	Likely Pathogenic	.	Hypertrophic Cardiomyopathy
chr14	23901068	C	A	Likely Pathogenic	.	Dilated Cardiomyopathy
chr14	23901077	C	A	Likely Pathogenic	.	Dilated Cardiomyopathy
chr14	23901710	C	A	Pathogenic	.	Hypertrophic Cardiomyopathy
chr14	23901711	T	T	.	Likely Pathogenic	Hypertrophic Cardiomyopathy
chr14	23901712	C	A	.	Likely Pathogenic	Hypertrophic Cardiomyopathy
chr14	23901713	T	G	.	Likely Pathogenic	Hypertrophic Cardiomyopathy
chr14	23901850	G	T	VUS	.	Hypertrophic Cardiomyopathy
chr14	23901912	C	T	.	Likely Pathogenic	Hypertrophic Cardiomyopathy
chr14	23901919	C	T	Likely Pathogenic	.	Dilated Cardiomyopathy
chr14	23901922	C	A	Likely Pathogenic	Likely Pathogenic	Hypertrophic Cardiomyopathy
chr14	23901923	G	T	Likely Pathogenic	VUS favour pathogenic	Hypertrophic Cardiomyopathy
chr14	23902293	G	A	VUS	.	Hypertrophic Cardiomyopathy
chr14	23902295	A	C	Likely Pathogenic	Pathogenic	Hypertrophic Cardiomyopathy
chr14	23902340	C	A	VUS	.	Hypertrophic Cardiomyopathy
chr14	23902345	T	T	.	VUS favour pathogenic	Hypertrophic Cardiomyopathy
chr14	23902758	C	A	.	VUS	Dilated Cardiomyopathy
chr14	23902781	C	A	.	VUS	Hypertrophic Cardiomyopathy
chr14	23902805	A	G	.	VUS	Hypertrophic Cardiomyopathy
chr14	23902807	C	T	.	VUS	Hypertrophic Cardiomyopathy
chr14	23902827	C	A	.	VUS	Hypertrophic Cardiomyopathy
chr14	23902862	T	G	VUS	.	Hypertrophic Cardiomyopathy
chr14	23902893	G	T	.	Likely Pathogenic	Hypertrophic Cardiomyopathy
chr14	23902914	C	C	.	VUS favour pathogenic	Hypertrophic Cardiomyopathy
chr15	35082648	C	A	VUS	.	Hypertrophic Cardiomyopathy
chr15	35082678	T	G	VUS	.	Hypertrophic Cardiomyopathy
chr15	35083455	T	T	VUS	VUS	Hypertrophic Cardiomyopathy
chr15	35084293	A	C	.	VUS favour pathogenic	Dilated Cardiomyopathy
chr15	35084302	G	T	VUS	.	Hypertrophic Cardiomyopathy
chr15	35084306	G	G	.	Likely Pathogenic	Hypertrophic Cardiomyopathy
chr15	35084347	G	G	VUS	.	Hypertrophic Cardiomyopathy
chr15	35084750	C	A	.	VUS	Dilated Cardiomyopathy
chr15	35085545	C	C	.	VUS	Dilated Cardiomyopathy
chr15	35085599	C	A	Pathogenic	Pathogenic	Hypertrophic Cardiomyopathy
chr15	35085632	G	T	.	VUS	Hypertrophic Cardiomyopathy
chr15	35085671	T	G	.	VUS	Hypertrophic Cardiomyopathy
chr15	35086886	G	T	VUS	.	Hypertrophic Cardiomyopathy
chr15	35086900	A	C	VUS	.	Hypertrophic Cardiomyopathy
chr15	35086927	G	T	.	VUS	Hypertrophic Cardiomyopathy
chr15	35086934	C	A	VUS	VUS favour pathogenic	Hypertrophic Cardiomyopathy
chr15	35086982	G	A	.	VUS	Hypertrophic Cardiomyopathy
chr15	35087003	C	C	.	VUS	Dilated Cardiomyopathy
chr15	63335051	T	G	.	Likely Pathogenic	Dilated Cardiomyopathy
chr15	63335074	G	C	.	Likely Pathogenic	Hypertrophic Cardiomyopathy
chr15	63335086	G	A	.	VUS	Hypertrophic Cardiomyopathy
chr15	63335092	G	A	.	VUS favour pathogenic	Hypertrophic Cardiomyopathy
chr15	63335110	G	A	.	VUS	Hypertrophic Cardiomyopathy
chr15	63335110	G	C	VUS	VUS favour pathogenic	Hypertrophic Cardiomyopathy
chr15	63335119	G	A	.	VUS	Dilated Cardiomyopathy
chr15	63335125	G	A	.	VUS favour pathogenic	Dilated Cardiomyopathy
chr15	63336229	G	T	.	VUS	Dilated Cardiomyopathy
chr15	63349195	C	G	.	VUS	Hypertrophic Cardiomyopathy
chr15	63349218	T	C	.	Likely Pathogenic	Dilated Cardiomyopathy
chr15	63349245	G	C	VUS	.	Hypertrophic Cardiomyopathy
chr15	63349248	C	A	.	VUS favour pathogenic	Hypertrophic Cardiomyopathy
chr15	63349280	C	G	Likely Pathogenic	Likely Pathogenic	Dilated Cardiomyopathy
chr15	63349284	A	G	.	Likely Pathogenic	Dilated Cardiomyopathy
chr15	63349286	G	A	.	Likely Pathogenic	Hypertrophic Cardiomyopathy
chr15	63349302	C	T	VUS	.	Dilated Cardiomyopathy
chr15	63349311	G	C	VUS	.	Dilated Cardiomyopathy
chr15	63351803	A	T	.	Likely Pathogenic	Dilated Cardiomyopathy
chr15	63351810	G	C	.	Likely Pathogenic	Dilated Cardiomyopathy
chr15	63351844	C	G	.	Pathogenic	Hypertrophic Cardiomyopathy
chr15	63351848	T	C	Pathogenic	.	Hypertrophic Cardiomyopathy
chr15	63351862	G	A	VUS	.	Hypertrophic Cardiomyopathy
chr15	63351868	A	G	VUS	.	Hypertrophic Cardiomyopathy
chr15	63353098	G	A	Pathogenic	Pathogenic	Hypertrophic Cardiomyopathy
chr15	63353123	C	T	VUS	VUS	Hypertrophic Cardiomyopathy
chr15	63353134	G	C	.	Likely Pathogenic	Hypertrophic Cardiomyopathy
chr15	63353922	G	A	.	Likely Pathogenic	Hypertrophic Cardiomyopathy
chr15	63353980	C	G	.	Likely Pathogenic	Dilated Cardiomyopathy
chr15	63354418	C	T	VUS	VUS favour pathogenic	Hypertrophic Cardiomyopathy
chr15	63354429	G	A	.	Likely Pathogenic	Hypertrophic Cardiomyopathy
chr15	63354450	A	C	.	VUS favour pathogenic	Hypertrophic Cardiomyopathy
chr15	63354451	A	G	VUS	.	Hypertrophic Cardiomyopathy
chr15	63354462	G	A	Pathogenic	Pathogenic	Dilated Cardiomyopathy
chr15	63354469	T	G	VUS	.	Dilated Cardiomyopathy
chr15	63354473	G	C	VUS	.	Hypertrophic Cardiomyopathy
chr15	63354784	C	T	.	VUS favour pathogenic	Dilated Cardiomyopathy
chr15	63354787	G	A	VUS	.	Hypertrophic Cardiomyopathy
chr15	63354797	C	T	.	Likely Pathogenic	Dilated Cardiomyopathy
chr15	63354806	C	T	.	VUS	Dilated Cardiomyopathy
chr15	63354818	T	G	Likely Pathogenic	.	Hypertrophic Cardiomyopathy
chr15	63354833	A	G	VUS	.	Hypertrophic Cardiomyopathy
chr15	63354834	T	G	.	Likely Pathogenic	Hypertrophic Cardiomyopathy
chr15	63356264	C	G	VUS	.	Hypertrophic Cardiomyopathy
chr15	63356280	A	G	.	Likely Pathogenic	Hypertrophic Cardiomyopathy
chr15	63356287	A	G	VUS	.	Hypertrophic Cardiomyopathy
chr15	63356319	G	A	.	VUS favour benign	Hypertrophic Cardiomyopathy
chr15	63356325	A	C	.	VUS favour pathogenic	Hypertrophic Cardiomyopathy
chr15	63356331	A	G	.	VUS	Hypertrophic Cardiomyopathy
chr15	63356332	T	C	.	VUS	Hypertrophic Cardiomyopathy
chr15	63356340	A	G	VUS	VUS	Hypertrophic Cardiomyopathy
chr17	37822127	C	T	.	VUS	Dilated Cardiomyopathy
chr17	37822246	C	T	.	VUS	Dilated Cardiomyopathy
chr17	37822330	C	A	.	VUS	Dilated Cardiomyopathy
chr17	37822351	C	G	.	VUS	Dilated Cardiomyopathy
chr18	28648972	C	A	VUS	.	Arrhythmogenic Right Ventricular Cardiomyopathy
chr18	28650790	C	A	VUS	.	Arrhythmogenic Right Ventricular Cardiomyopathy
chr18	28651758	A	G	Likely Pathogenic	.	Arrhythmogenic Right Ventricular Cardiomyopathy
chr18	28654771	A	C	VUS	.	Arrhythmogenic Right Ventricular Cardiomyopathy
chr18	28662317	C	C	VUS	.	Arrhythmogenic Right Ventricular Cardiomyopathy
chr18	28669402	C	C	VUS	.	Arrhythmogenic Right Ventricular Cardiomyopathy
chr18	28669413	C	C	VUS	.	Arrhythmogenic Right Ventricular Cardiomyopathy
chr18	28672219	T	G	VUS	.	Arrhythmogenic Right Ventricular Cardiomyopathy
chr18	29099820	C	T	Likely Pathogenic	.	Arrhythmogenic Right Ventricular Cardiomyopathy
chr18	29099829	C	T	Likely Pathogenic	.	Arrhythmogenic Right Ventricular Cardiomyopathy
chr18	29099830	G	A	Likely Pathogenic	.	Arrhythmogenic Right Ventricular Cardiomyopathy
chr18	29099862	G	A	VUS	.	Arrhythmogenic Right Ventricular Cardiomyopathy
chr18	29101207	G	A	Likely Pathogenic	.	Arrhythmogenic Right Ventricular Cardiomyopathy
chr18	29104711	C	T	VUS	.	Arrhythmogenic Right Ventricular Cardiomyopathy
chr18	29104745	C	T	VUS	.	Arrhythmogenic Right Ventricular Cardiomyopathy
chr18	29121154	A	G	Pathogenic	.	Arrhythmogenic Right Ventricular Cardiomyopathy
chr18	29122813	G	T	VUS	.	Arrhythmogenic Right Ventricular Cardiomyopathy
chr18	29125783	G	A	Likely Pathogenic	.	Arrhythmogenic Right Ventricular Cardiomyopathy
chr18	29126691	G	T	VUS	.	Arrhythmogenic Right Ventricular Cardiomyopathy
chr19	55663209	T	C	Likely Pathogenic	.	Hypertrophic Cardiomyopathy
chr19	55663210	C	A	VUS	VUS favour pathogenic	Hypertrophic Cardiomyopathy
chr19	55663224	C	A	Likely Pathogenic	Likely Pathogenic	Hypertrophic Cardiomyopathy
chr19	55663225	G	T	.	VUS favour pathogenic	Hypertrophic Cardiomyopathy
chr19	55663228	C	C	Likely Pathogenic	.	Hypertrophic Cardiomyopathy
chr19	55663230	T	C	VUS	.	Hypertrophic Cardiomyopathy
chr19	55663233	A	C	Likely Pathogenic	Likely Pathogenic	Hypertrophic Cardiomyopathy
chr19	55663239	C	A	Likely Pathogenic	.	Hypertrophic Cardiomyopathy
chr19	55663242	A	G	VUS	.	Hypertrophic Cardiomyopathy
chr19	55663243	G	G	.	VUS favour pathogenic	Hypertrophic Cardiomyopathy
chr19	55663245	G	G	VUS	.	Hypertrophic Cardiomyopathy
chr19	55663249	C	A	Likely Pathogenic	VUS favour pathogenic	Hypertrophic Cardiomyopathy
chr19	55663254	T	C	VUS	.	Hypertrophic Cardiomyopathy
chr19	55663256	C	C	.	VUS favour pathogenic	Hypertrophic Cardiomyopathy
chr19	55663260	C	A	.	Likely Pathogenic	Hypertrophic Cardiomyopathy
chr19	55663260	C	T	.	Likely Pathogenic	Hypertrophic Cardiomyopathy
chr19	55663262	C	A	VUS	.	Hypertrophic Cardiomyopathy
chr19	55663267	C	T	.	Likely Pathogenic	Hypertrophic Cardiomyopathy
chr19	55663278	C	A	Pathogenic	Pathogenic	Hypertrophic Cardiomyopathy
chr19	55663285	C	A	.	Likely Pathogenic	Dilated Cardiomyopathy
chr19	55665398	C	C	Likely Pathogenic	.	Hypertrophic Cardiomyopathy
chr19	55665403	C	A	.	Likely Pathogenic	Dilated Cardiomyopathy
chr19	55665415	T	G	Pathogenic	.	Hypertrophic Cardiomyopathy
chr19	55665421	C	A	.	VUS favour pathogenic	Hypertrophic Cardiomyopathy
chr19	55665435	G	A	VUS	.	Hypertrophic Cardiomyopathy
chr19	55665436	C	A	Likely Pathogenic	.	Hypertrophic Cardiomyopathy
chr19	55665438	C	A	.	Pathogenic	Hypertrophic Cardiomyopathy
chr19	55665450	G	T	.	VUS favour pathogenic	Hypertrophic Cardiomyopathy
chr19	55665457	T	G	VUS	.	Hypertrophic Cardiomyopathy
chr19	55665459	G	G	VUS	.	Hypertrophic Cardiomyopathy
chr19	55665459	G	T	.	VUS	Dilated Cardiomyopathy
chr19	55665462	C	A	VUS	Likely Pathogenic	Hypertrophic Cardiomyopathy
chr19	55665462	C	C	.	Likely Pathogenic	Hypertrophic Cardiomyopathy
chr19	55665463	G	T	VUS	VUS	Hypertrophic Cardiomyopathy
chr19	55665477	G	T	Likely Pathogenic	.	Dilated Cardiomyopathy
chr19	55665508	C	C	VUS	.	Hypertrophic Cardiomyopathy
chr19	55665513	C	A	.	Likely Pathogenic	Hypertrophic Cardiomyopathy
chr19	55665514	G	T	Pathogenic	Pathogenic	Hypertrophic Cardiomyopathy
chr19	55665514	G	G	Pathogenic	Pathogenic	Hypertrophic Cardiomyopathy
chr19	55665516	A	C	Likely Pathogenic	Pathogenic	Hypertrophic Cardiomyopathy
chr19	55665519	G	A	.	VUS	Hypertrophic Cardiomyopathy
chr19	55665525	C	A	Likely Pathogenic	Likely Pathogenic	Hypertrophic Cardiomyopathy
chr19	55665540	C	A	Likely Pathogenic	.	Hypertrophic Cardiomyopathy
chr19	55665557	C	C	VUS	.	Hypertrophic Cardiomyopathy
chr19	55665558	T	G	Likely Pathogenic	.	Hypertrophic Cardiomyopathy
chr19	55665564	A	A	VUS	.	Hypertrophic Cardiomyopathy
chr19	55665568	C	C	VUS	.	Hypertrophic Cardiomyopathy
chr19	55666113	G	T	.	VUS	Hypertrophic Cardiomyopathy
chr19	55666125	G	A	.	VUS	Dilated Cardiomyopathy
chr19	55666189	G	T	VUS	.	Hypertrophic Cardiomyopathy
chr19	55666196	G	A	VUS	.	Hypertrophic Cardiomyopathy
chr19	55667615	C	T	.	VUS	Hypertrophic Cardiomyopathy
chr19	55667620	G	A	VUS	.	Hypertrophic Cardiomyopathy
chr19	55667684	A	C	.	VUS favour pathogenic	Hypertrophic Cardiomyopathy
chr19	55668461	C	A	.	VUS	Dilated Cardiomyopathy
chr2	179398393	G	T	.	Likely Pathogenic	Dilated Cardiomyopathy
chr2	179400517	G	T	VUS	.	Dilated Cardiomyopathy
chr2	179404286	G	T	VUS	.	Dilated Cardiomyopathy
chr2	179424036	A	A	.	Likely Pathogenic	Dilated Cardiomyopathy
chr2	179425146	C	A	VUS	.	Dilated Cardiomyopathy
chr2	179428389	C	A	VUS	.	Dilated Cardiomyopathy
chr2	179433994	C	A	VUS	.	Dilated Cardiomyopathy
chr2	179436755	G	T	VUS	.	Dilated Cardiomyopathy
chr2	179450018	G	T	VUS	.	Dilated Cardiomyopathy
chr2	179452411	G	T	VUS	.	Dilated Cardiomyopathy
chr2	179453427	G	T	VUS	.	Dilated Cardiomyopathy
chr2	179453730	G	T	VUS	.	Dilated Cardiomyopathy
chr2	179454957	G	T	VUS	.	Dilated Cardiomyopathy
chr2	179460233	C	A	.	Likely Pathogenic	Dilated Cardiomyopathy
chr2	179463948	G	T	VUS	.	Dilated Cardiomyopathy
chr2	179474817	G	T	VUS	.	Dilated Cardiomyopathy
chr2	179482764	G	T	VUS	.	Dilated Cardiomyopathy
chr2	179483474	C	A	VUS	.	Dilated Cardiomyopathy
chr2	179483495	G	A	.	Likely Pathogenic	Dilated Cardiomyopathy
chr2	179483504	A	A	.	Likely Pathogenic	Dilated Cardiomyopathy
chr2	179486244	G	T	.	Likely Pathogenic	Dilated Cardiomyopathy
chr2	179494977	G	T	VUS	.	Dilated Cardiomyopathy
chr2	179536842	C	T	VUS	.	Dilated Cardiomyopathy
chr2	179560764	A	G	VUS	.	Dilated Cardiomyopathy
chr2	179584098	G	T	VUS	.	Dilated Cardiomyopathy
chr2	179602986	G	T	VUS	.	Dilated Cardiomyopathy
chr2	179604060	C	T	VUS	.	Dilated Cardiomyopathy
chr2	179605218	G	T	VUS	.	Dilated Cardiomyopathy
chr2	179605373	G	A	.	VUS favour pathogenic	Dilated Cardiomyopathy
chr2	179605602	G	T	VUS	.	Dilated Cardiomyopathy
chr2	179647599	G	T	.	Likely Pathogenic	Dilated Cardiomyopathy
chr2	220283222	C	T	.	Pathogenic	Dilated Cardiomyopathy
chr2	220283311	A	G	.	VUS	Dilated Cardiomyopathy
chr2	220283377	G	A	.	VUS	Dilated Cardiomyopathy
chr2	220283633	G	C	VUS	.	Dilated Cardiomyopathy
chr2	220285071	A	G	.	Pathogenic	Dilated Cardiomyopathy
chr2	220285313	C	T	VUS	.	Dilated Cardiomyopathy
chr2	220285671	G	A	VUS	.	Dilated Cardiomyopathy
chr2	220288539	C	T	.	Likely Pathogenic	Dilated Cardiomyopathy
chr3	46899894	T	G	VUS	.	Hypertrophic Cardiomyopathy
chr3	46899912	G	T	VUS	.	Hypertrophic Cardiomyopathy
chr3	46899913	C	C	.	VUS	Hypertrophic Cardiomyopathy
chr3	46899916	T	G	.	VUS favour pathogenic	Hypertrophic Cardiomyopathy
chr3	46900980	C	T	.	VUS	Hypertrophic Cardiomyopathy
chr3	46900980	C	A	.	VUS	Hypertrophic Cardiomyopathy
chr3	46900980	C	C	VUS	.	Hypertrophic Cardiomyopathy
chr3	46900983	G	G	Pathogenic	.	Hypertrophic Cardiomyopathy
chr3	46900985	C	A	VUS	VUS favour pathogenic	Hypertrophic Cardiomyopathy
chr3	46900986	G	T	VUS	VUS favour pathogenic	Hypertrophic Cardiomyopathy
chr3	46900992	C	A	VUS	.	Hypertrophic Cardiomyopathy
chr3	46901000	A	C	.	VUS	Hypertrophic Cardiomyopathy
chr3	46901001	T	G	Pathogenic	.	Hypertrophic Cardiomyopathy
chr3	46901019	C	A	.	VUS	Hypertrophic Cardiomyopathy
chr3	46901063	C	A	VUS	.	Hypertrophic Cardiomyopathy
chr3	46901108	G	T	.	VUS	Hypertrophic Cardiomyopathy
chr3	46902192	C	A	.	Likely Pathogenic	Hypertrophic Cardiomyopathy
chr3	46902285	C	A	VUS	.	Hypertrophic Cardiomyopathy
chr3	46902286	G	T	.	VUS	Hypertrophic Cardiomyopathy
chr3	46902303	G	G	.	Likely Pathogenic	Hypertrophic Cardiomyopathy
chr3	46904753	T	C	VUS	.	Hypertrophic Cardiomyopathy
chr3	46904817	C	T	VUS	.	Hypertrophic Cardiomyopathy
chr3	46904870	T	G	.	VUS	Hypertrophic Cardiomyopathy
chr5	156021953	G	A	.	VUS	Dilated Cardiomyopathy
chr5	156186259	C	T	.	VUS	Dilated Cardiomyopathy
chr5	156186367	C	A	.	VUS	Dilated Cardiomyopathy
chr6	0		T	VUS	.	Hypertrophic Cardiomyopathy
chr6	7542279	G	A	VUS	.	Dilated Cardiomyopathy
chr6	7558428	T	A	VUS	.	Dilated Cardiomyopathy
chr6	7558490	C	T	Pathogenic	.	Arrhythmogenic Right Ventricular Cardiomyopathy
chr6	7559484	C	T	Pathogenic	.	Dilated Cardiomyopathy
chr6	7559514	C	T	Pathogenic	.	Arrhythmogenic Right Ventricular Cardiomyopathy
chr6	7559557	G	T	VUS	.	Dilated Cardiomyopathy
chr6	7562894	G	A	.	VUS	Dilated Cardiomyopathy
chr6	7562986	G	A	.	Likely Pathogenic	Dilated Cardiomyopathy
chr6	7565673	A	G	VUS	.	Dilated Cardiomyopathy
chr6	7565674	A	G	VUS	.	Dilated Cardiomyopathy
chr6	7565682	G	A	VUS	.	Dilated Cardiomyopathy
chr6	7565754	G	A	Pathogenic	Likely Pathogenic	Dilated Cardiomyopathy
chr6	7566613	C	T	VUS	.	Arrhythmogenic Right Ventricular Cardiomyopathy
chr6	7566614	G	C	VUS	.	Arrhythmogenic Right Ventricular Cardiomyopathy
chr6	7567645	T	C	VUS	.	Arrhythmogenic Right Ventricular Cardiomyopathy
chr6	7568691	G	T	Pathogenic	.	Arrhythmogenic Right Ventricular Cardiomyopathy
chr6	7568728	C	T	VUS	.	Arrhythmogenic Right Ventricular Cardiomyopathy
chr6	7568755	G	A	VUS	.	Arrhythmogenic Right Ventricular Cardiomyopathy
chr6	7568784	A	G	VUS	.	Dilated Cardiomyopathy
chr6	7569444	G	A	VUS	.	Arrhythmogenic Right Ventricular Cardiomyopathy
chr6	7571673	T	A	VUS	.	Arrhythmogenic Right Ventricular Cardiomyopathy
chr6	7572217	C	A	Likely Pathogenic	.	Arrhythmogenic Right Ventricular Cardiomyopathy
chr6	7572302	G	C	Pathogenic	.	Arrhythmogenic Right Ventricular Cardiomyopathy
chr6	7574349	G	A	Likely Pathogenic	.	Arrhythmogenic Right Ventricular Cardiomyopathy
chr6	7575700	T	C	VUS	.	Arrhythmogenic Right Ventricular Cardiomyopathy
chr6	7577197	G	C	VUS	.	Arrhythmogenic Right Ventricular Cardiomyopathy
chr6	7578034	C	G	Pathogenic	.	Dilated Cardiomyopathy
chr6	7579556	C	T	Pathogenic	.	Arrhythmogenic Right Ventricular Cardiomyopathy
chr6	7579618	C	G	Likely Pathogenic	.	Arrhythmogenic Right Ventricular Cardiomyopathy
chr6	7579985	T	C	VUS	.	Arrhythmogenic Right Ventricular Cardiomyopathy
chr6	7580174	G	A	VUS	.	Dilated Cardiomyopathy
chr6	7580187	G	A	VUS	.	Arrhythmogenic Right Ventricular Cardiomyopathy
chr6	7580445	G	A	VUS	.	Dilated Cardiomyopathy
chr6	7580540	A	G	VUS	.	Arrhythmogenic Right Ventricular Cardiomyopathy
chr6	7580644	A	C	VUS	.	Dilated Cardiomyopathy
chr6	7580900	G	T	Pathogenic	.	Arrhythmogenic Right Ventricular Cardiomyopathy
chr6	7580924	G	T	Pathogenic	.	Arrhythmogenic Right Ventricular Cardiomyopathy
chr6	7581093	C	T	VUS	.	Dilated Cardiomyopathy
chr6	7581134	C	T	Pathogenic	.	Dilated Cardiomyopathy
chr6	7581291	C	G	VUS	.	Arrhythmogenic Right Ventricular Cardiomyopathy
chr6	7581419	C	T	VUS	.	Arrhythmogenic Right Ventricular Cardiomyopathy
chr6	7583676	C	T	VUS	.	Arrhythmogenic Right Ventricular Cardiomyopathy
chr6	7583991	C	T	Pathogenic	.	Arrhythmogenic Right Ventricular Cardiomyopathy
chr6	7584283	T	C	VUS	.	Dilated Cardiomyopathy
chr6	7584380	A	T	.	VUS	Dilated Cardiomyopathy
chr6	7584507	G	A	VUS	.	Arrhythmogenic Right Ventricular Cardiomyopathy
chr6	7585279	C	T	VUS	.	Arrhythmogenic Right Ventricular Cardiomyopathy
chr6	7585342	C	T	VUS	.	Dilated Cardiomyopathy
chr6	7585435	G	A	VUS	.	Arrhythmogenic Right Ventricular Cardiomyopathy
chr6	7585615	T	C	VUS	.	Arrhythmogenic Right Ventricular Cardiomyopathy
chr6	7585804	A	G	VUS	.	Arrhythmogenic Right Ventricular Cardiomyopathy
chr6	7585885	T	C	VUS	.	Arrhythmogenic Right Ventricular Cardiomyopathy
chr6	7585990	G	T	.	VUS	Dilated Cardiomyopathy
chr6	118880127	G	A	.	VUS favour pathogenic	Dilated Cardiomyopathy
chr6	118880130	T	C	VUS	.	Hypertrophic Cardiomyopathy
chr6	118880145	C	A	.	VUS	Dilated Cardiomyopathy
chr6	118880200	T	G	.	Pathogenic	Hypertrophic Cardiomyopathy
chr6	118880205	T	A	Likely Pathogenic	.	Hypertrophic Cardiomyopathy
chr6	118880236	T	C	.	VUS favour pathogenic	Hypertrophic Cardiomyopathy
chr7	151254294	G	T	VUS	.	Hypertrophic Cardiomyopathy
chr7	151254310	G	T	.	VUS	Hypertrophic Cardiomyopathy
chr7	151257640	T	C	VUS	.	Hypertrophic Cardiomyopathy
chr7	151257641	G	G	VUS	.	Hypertrophic Cardiomyopathy
chr7	151257696	C	T	.	VUS favour pathogenic	Hypertrophic Cardiomyopathy
chr7	151257696	C	A	Pathogenic	Pathogenic	Hypertrophic Cardiomyopathy
chr7	151261230	T	C	VUS	.	Hypertrophic Cardiomyopathy
chr7	151261232	C	C	.	Likely Pathogenic	Hypertrophic Cardiomyopathy
chr7	151261240	T	G	.	VUS	Hypertrophic Cardiomyopathy
chr7	151261273	A	A	VUS	.	Hypertrophic Cardiomyopathy
chr7	151261289	A	G	VUS	.	Hypertrophic Cardiomyopathy
chr7	151262433	A	C	VUS	.	Hypertrophic Cardiomyopathy
chr7	151262890	T	G	.	VUS	Hypertrophic Cardiomyopathy
chr7	151262938	G	A	VUS	VUS	Hypertrophic Cardiomyopathy
chr7	151267297	C	A	VUS	.	Hypertrophic Cardiomyopathy
chr7	151269771	G	T	.	Likely Pathogenic	Hypertrophic Cardiomyopathy
chr7	151269795	C	A	.	VUS	Hypertrophic Cardiomyopathy
chr7	151271993	T	G	VUS	.	Hypertrophic Cardiomyopathy
chr7	151273498	C	A	Pathogenic	Pathogenic	Hypertrophic Cardiomyopathy
chr7	151273538	C	A	.	VUS	Hypertrophic Cardiomyopathy
chr7	151329187	C	A	.	VUS	Hypertrophic Cardiomyopathy
chr7	151372582	C	A	VUS	.	Hypertrophic Cardiomyopathy
chr7	151372627	T	G	VUS	.	Hypertrophic Cardiomyopathy
chr7	151372658	C	A	.	VUS	Hypertrophic Cardiomyopathy
chr7	151372702	G	T	VUS	.	Hypertrophic Cardiomyopathy
chr7	151478273	G	T	VUS	.	Hypertrophic Cardiomyopathy
chr7	151478276	G	T	.	VUS	Hypertrophic Cardiomyopathy
chr7	151478279	G	T	.	VUS	Hypertrophic Cardiomyopathy
chr7	151483556	C	T	.	VUS	Hypertrophic Cardiomyopathy
chr7	151483576	C	A	.	VUS	Hypertrophic Cardiomyopathy
chr7	151573659	C	C	VUS	.	Hypertrophic Cardiomyopathy
chrX	100652919	C	A	VUS	.	Hypertrophic Cardiomyopathy
chrX	100652970	C	A	.	Likely Pathogenic	Hypertrophic Cardiomyopathy
chrX	100653021	G	T	.	Pathogenic	Hypertrophic Cardiomyopathy
chrX	100653396	G	G	Likely Pathogenic	.	Hypertrophic Cardiomyopathy
chrX	100653528	A	G	.	VUS	Hypertrophic Cardiomyopathy
chrX	100653792	C	T	Likely Pathogenic	.	Hypertrophic Cardiomyopathy
chrX	100653798	G	G	Likely Pathogenic	.	Hypertrophic Cardiomyopathy
chrX	100653845	C	C	.	VUS favour pathogenic	Hypertrophic Cardiomyopathy
chrX	100653883	C	A	Pathogenic	.	Hypertrophic Cardiomyopathy
chrX	100653930	T	G	Pathogenic	Pathogenic	Hypertrophic Cardiomyopathy
chrX	100655680	G	A	.	Pathogenic	Hypertrophic Cardiomyopathy
chrX	100656642	G	G	VUS	.	Hypertrophic Cardiomyopathy
chrX	100656682	C	T	.	VUS	Hypertrophic Cardiomyopathy
chrX	100662822	A	A	.	VUS	Hypertrophic Cardiomyopathy
chrX	119575620	T	C	Likely Pathogenic	.	Hypertrophic Cardiomyopathy
chrX	119575750	C	A	.	Likely Pathogenic	Hypertrophic Cardiomyopathy
chrX	119575751	T	G	Pathogenic	.	Hypertrophic Cardiomyopathy
chrX	119576454	C	A	.	Pathogenic	Hypertrophic Cardiomyopathy
chrX	119576505	G	T	Pathogenic	.	Hypertrophic Cardiomyopathy
chrX	119580159	C	T	.	Pathogenic	Hypertrophic Cardiomyopathy
chrX	119580200	T	G	.	VUS	Hypertrophic Cardiomyopathy
chrX	119580229	G	A	Pathogenic	.	Hypertrophic Cardiomyopathy
chrX	119582864	C	A	VUS	VUS favour benign	Hypertrophic Cardiomyopathy
chrX	119589238	G	T	.	VUS favour benign	Hypertrophic Cardiomyopathy
chrX	119602969	A	G	.	VUS favour pathogenic	Hypertrophic Cardiomyopathy
chrX	135288704	A	G	VUS	.	Hypertrophic Cardiomyopathy
chrX	135288733	G	A	VUS	.	Hypertrophic Cardiomyopathy
chrX	135289229	T	A	VUS	.	Hypertrophic Cardiomyopathy
chrX	135289239	C	G	VUS	.	Hypertrophic Cardiomyopathy
chrX	135289298	A	G	VUS	.	Hypertrophic Cardiomyopathy
chrX	135289349	G	T	Pathogenic	.	Hypertrophic Cardiomyopathy
chrX	135289962	G	T	VUS	.	Hypertrophic Cardiomyopathy
chrX	135290014	G	T	VUS	.	Hypertrophic Cardiomyopathy
chrX	135290635	A	C	VUS	.	Hypertrophic Cardiomyopathy
chrX	135290668	T	C	VUS	.	Hypertrophic Cardiomyopathy
chrX	135290773	T	C	VUS	.	Hypertrophic Cardiomyopathy
chrX	153640521	C	T	.	Likely Pathogenic	Dilated Cardiomyopathy
chrX	153649015	G	C	.	Pathogenic	Dilated Cardiomyopathy
chrX	153649049	G	T	.	VUS	Dilated Cardiomyopathy
